"FACILITY_DOCUMENT_COST_ID","CWNS_ID","FACILITY_ID","STATE_CODE","DOCUMENT_ID","DOCUMENT_TYPE","NEEDS_CATEGORY","COST_METHOD","BASE_AMOUNT","OFFICIAL_AMOUNT","SOLUTION_YEAR_START","SOLUTION_YEAR_END","SSO_FLAG","TREATMENT_PLANT_TYPE","SSA_FLAG"
12941,"48000000103",3608783,"TX",1517,"1","IV-A","Documented",6000000,6149568,,,"N","Other",""
4446,"48002031001",1183125,"TX",1517,"1","III-A","Documented",35876000,36770317,,,"Y","Secondary Mechanical",""
18283,"48000000124",3609625,"TX",5419,"1","IV-A","Documented",38479173,36448959,,,"N","",""
18177,"48001112001",1182916,"TX",5419,"1","I","Documented",38640328,36601611,,,"N","",""
18274,"48001118001",1182919,"TX",5419,"1","I","Documented",3925000,3717912,,,"N","",""
18174,"48007423001",1227920,"TX",5419,"1","I","Documented",6359000,6023490,,,"N","",""
35620,"48007039090",1183855,"TX",12305,"20","I","Documented",36033889,34189942,,,"N","",""
35621,"48007039090",1183855,"TX",12305,"20","III-B","Documented",37687917,35759329,,,"Y","",""
35642,"48007039061",1183840,"TX",12305,"20","I","Documented",36033889,34189942,,,"N","",""
35643,"48007039061",1183840,"TX",12305,"20","III-B","Documented",37687917,35759329,,,"Y","",""
35654,"48007039017",1183828,"TX",12305,"20","I","Documented",36033889,34189942,,,"N","",""
35655,"48007039017",1183828,"TX",12305,"20","III-B","Documented",37687917,35759329,,,"Y","",""
12013,"48002138001",1227800,"TX",1517,"1","II","Documented",1741271,1784677,,,"Y","Aerated Lagoon",""
12014,"48002138001",1227800,"TX",1517,"1","III-A","Documented",3215729,3295891,,,"Y","Aerated Lagoon",""
12023,"48000000102",3608723,"TX",1517,"1","I","Documented",15703000,16094444,,,"N","",""
12026,"48006074001",1183728,"TX",1517,"1","II","Documented",23742900,24334763,,,"N","",""
11602,"48001111001",1182915,"TX",1517,"1","III-B","Documented",1600000,1639885,,,"N","Secondary Mechanical",""
12041,"48005025002",1183585,"TX",1517,"1","III-B","Documented",1775421,1819679,,,"Y","",""
12463,"48007033006",2881937,"TX",1517,"1","III-B","Documented",23760000,24352289,,,"Y","",""
12465,"48004207001",1227852,"TX",1517,"1","I","Documented",2404000,2463927,,,"Y","Aerated Lagoon",""
12466,"48004207001",1227852,"TX",1517,"1","III-B","Documented",1775000,1819247,,,"Y","Aerated Lagoon",""
12486,"48005053001",1227878,"TX",1517,"1","II","Documented",4000000,4099712,,,"Y","",""
12464,"48007033009",413590,"TX",1517,"1","III-B","Documented",3520000,3607747,,,"Y","",""
12515,"48001114001",1227764,"TX",1517,"1","II","Documented",51877000,53170190,,,"Y","Aerated Lagoon",""
12912,"48004065001",1183380,"TX",1517,"1","II","Documented",6333690,6491576,,,"N","Aerated Lagoon",""
14378,"48003290001",1227830,"TX",1517,"1","I","Documented",7530000,7717708,,,"Y","",""
13402,"48003001001",1183166,"TX",1517,"1","III-B","Documented",1470500,1507157,,,"N","Lagoon",""
13381,"48005025002",1183585,"TX",5327,"1","I","Documented",31536000,34039034,,,"N","Aerated Lagoon",""
12495,"48006047002",1183710,"TX",1517,"1","III-B","Documented",2790540,2860103,,,"Y","Aerated Lagoon",""
13414,"48003069001",1183223,"TX",5419,"1","II","Documented",29719000,28150985,,,"N","Lagoon",""
13403,"48003001001",1183166,"TX",5419,"1","I","Documented",13078000,12387987,,,"N","Lagoon",""
20907,"48007423001",1227920,"TX",5419,"1","III-B","Documented",711000,673487,,,"N","",""
13201,"48005025001",1183584,"TX",5327,"1","III-B","Documented",4580000,4943518,,,"N","",""
12896,"48001012001",1182883,"TX",1517,"1","II","Documented",4627026,4742369,,,"N","Aerated Lagoon",""
12913,"48004065001",1183380,"TX",1517,"1","III-B","Documented",4772520,4891489,,,"Y","Not Applicable",""
12462,"48007033001",1183814,"TX",1517,"1","III-B","Documented",7264400,7445487,,,"Y","Aerated Lagoon",""
12893,"48001012001",1182883,"TX",1517,"1","IV-A","Documented",1804898,1849890,,,"N","Other",""
12895,"48001012001",1182883,"TX",1517,"1","III-B","Documented",5561473,5700109,,,"N","",""
12467,"48020780001",428136,"TX",1517,"1","III-B","Documented",3653500,3744574,,,"N","Lagoon",""
15423,"48007465001",1184088,"TX",1517,"1","I","Documented",48491510,49700306,,,"N","",""
16756,"48003033002",1183197,"TX",5419,"1","I","Documented",83428000,79026223,,,"N","Secondary Mechanical",""
20053,"48004044001",1183363,"TX",5419,"1","III-B","Documented",6175000,5849198,,,"Y","",""
13613,"48001027001",1182895,"TX",5419,"1","I","Documented",5000000,4736193,,,"N","Aerated Lagoon",""
13695,"48000000104",3608872,"TX",5327,"1","III-B","Documented",5510000,5947332,,,"N","Not Applicable",""
14325,"48001139001",1182942,"TX",1517,"1","I","Documented",4525000,4637799,,,"N","",""
14326,"48005060001",1183612,"TX",1517,"1","I","Documented",110000,112742,,,"Y","",""
14327,"48005060001",1183612,"TX",1517,"1","III-B","Documented",3579000,3668217,,,"Y","",""
14385,"48000000106",3608999,"TX",1517,"1","I","Documented",15786000,16179513,,,"N","",""
20044,"48003267001",1183304,"TX",5419,"1","III-A","Documented",10600000,10040729,,,"Y","",""
20048,"48004226001",1183477,"TX",5419,"1","III-A","Documented",943750,893956,,,"Y","",""
20046,"48001123001",1182925,"TX",5419,"1","III-B","Documented",6475000,6133370,,,"Y","",""
17738,"48009002001",1184466,"TX",5419,"1","III-A","Documented",2500000,2368097,,,"Y","",""
18431,"48003026001",1183188,"TX",5419,"1","I","Documented",11425000,10822201,,,"Y","",""
18387,"48003098001",1183245,"TX",5419,"1","I","Documented",9735000,9221368,,,"N","",""
18367,"48004217001",1183470,"TX",5419,"1","I","Documented",7869150,7453963,,,"N","",""
20921,"48001130001",1182933,"TX",5419,"1","I","Documented",400000,378895,,,"N","",""
23721,"48004026002",1183344,"TX",5419,"1","IV-B","Documented",27000000,25575443,,,"Y","",""
16689,"48003033500",3514842,"TX",5419,"1","VI-B","Documented",85089042,80599627,,,"","",""
25720,"48009024001",1184483,"TX",5327,"1","IV-B","Documented",1506800,1626396,,,"Y","",""
20227,"48004354501",3507298,"TX",1517,"1","III-A","Documented",29982000,30729391,,,"Y","",""
21438,"48004142001",1183452,"TX",5419,"1","III-B","Documented",9549995,9046124,,,"N","",""
20196,"48003098001",1183245,"TX",1517,"1","X","Documented",4300000,4407190,,,"","",""
15234,"48005015002",1183577,"TX",6130,"3","III-B","Documented",250000000,270043799,,,"Y","Not Applicable",""
17974,"48003070001",1227812,"TX",5419,"1","I","Documented",1399345,1325514,,,"N","",""
17471,"48002028001",1183123,"TX",5419,"1","I","Documented",12140000,11499477,,,"Y","",""
22225,"48001109001",1182914,"TX",5419,"1","III-A","Documented",2584761,2448385,,,"N","",""
56451,"48000000334",3611054,"TX",9680,"53","VII-A","NPS: Agriculture",,508669,,,"","",""
56454,"48000000337",3611057,"TX",9680,"53","VII-A","NPS: Agriculture",,3162936,,,"","",""
56459,"48000000342",3611066,"TX",9680,"53","VII-A","NPS: Agriculture",,4863541,,,"","",""
56464,"48000000347",3611071,"TX",9832,"53","VII-A","NPS: Agriculture",,2710661,,,"","",""
17691,"48007410001",1184064,"TX",5419,"1","I","Documented",1895000,1795017,,,"N","",""
15561,"48003084001",1183235,"TX",5419,"1","II","Documented",39883000,37778718,,,"N","",""
15562,"48003084001",1183235,"TX",5419,"1","III-B","Documented",6749000,6392913,,,"Y","",""
21987,"48000000165",3610547,"TX",1517,"1","I","Documented",7500000,7686960,,,"N","",""
26356,"48002040001",1227786,"TX",5327,"1","I","Documented",5640800,6088514,,,"N","",""
26357,"48002040001",1227786,"TX",5327,"1","IV-A","Documented",4759200,5136941,,,"N","",""
20743,"48001162001",1182958,"TX",1517,"1","III-A","Documented",9889000,10135513,,,"N","",""
22465,"48000000172",3610632,"TX",1517,"1","I","Documented",3850000,3945973,,,"N","",""
23751,"48001046001",1182901,"TX",1517,"1","III-B","Documented",400000,409971,,,"N","",""
23957,"48007028001",1183808,"TX",5419,"1","III-B","Documented",26296000,24908587,,,"Y","",""
15535,"48000000113",3609250,"TX",1517,"1","I","Documented",27190000,27867792,,,"N","",""
15536,"48000000113",3609250,"TX",1517,"1","IV-B","Documented",14025000,14374615,,,"N","",""
17742,"48004096001",1183404,"TX",5419,"1","III-A","Documented",1000000,947239,,,"Y","",""
56425,"48000000328",3611032,"TX",9680,"53","VII-A","NPS: Agriculture",,2263055,,,"","",""
56433,"48000000278",3610976,"TX",9680,"53","VII-A","NPS: Agriculture",,458064,,,"","",""
26388,"48007424001",1184069,"TX",5327,"1","I","Documented",7000000,7555595,,,"N","",""
16745,"48003033016",3514807,"TX",5419,"1","IV-B","Documented",59303000,56174092,,,"N","",""
21326,"48009075001",1184498,"TX",1517,"1","I","Documented",395000,404847,,,"N","",""
21344,"48000000133",3610460,"TX",1517,"1","I","Documented",292500,299791,,,"N","",""
35644,"48007039035",1183836,"TX",12305,"20","I","Documented",36033889,34189942,,,"N","",""
35645,"48007039035",1183836,"TX",12305,"20","III-B","Documented",37687917,35759329,,,"Y","",""
35698,"48007039025",1183834,"TX",12305,"20","I","Documented",36033889,34189942,,,"N","",""
35699,"48007039025",1183834,"TX",12305,"20","III-B","Documented",37687917,35759329,,,"Y","",""
20009,"48001257001",1183030,"TX",5419,"1","I","Documented",1084000,1026807,,,"N","",""
20011,"48000000127",3610296,"TX",5419,"1","I","Documented",30600000,28985502,,,"N","",""
21228,"48000240001",1227753,"TX",1517,"1","X","Documented",7762000,7955491,,,"","",""
21264,"48001243001",1183021,"TX",1517,"1","V","Documented",1710590,1753232,,,"","",""
21271,"48000000132",3610453,"TX",1517,"1","I","Documented",1100000,1127421,,,"N","",""
17967,"48004145001",1183454,"TX",5419,"1","I","Documented",4302000,4075021,,,"N","",""
21590,"48001135001",1182939,"TX",5419,"1","III-B","Documented",2878000,2726153,,,"N","",""
22365,"48002025002",453323,"TX",5419,"1","XII","Documented",1000000,947239,,,"","",""
56486,"48000000371",3611118,"TX",9832,"53","VII-A","NPS: Agriculture",,890918,,,"","",""
56488,"48000000373",3611120,"TX",9832,"53","VII-A","NPS: Agriculture",,3846950,,,"","",""
56492,"48000000378",3611128,"TX",9832,"53","VII-A","NPS: Agriculture",,4552626,,,"","",""
56497,"48000000385",3611141,"TX",9832,"53","VII-A","NPS: Agriculture",,4792582,,,"","",""
56498,"48000000386",3611142,"TX",9832,"53","VII-A","NPS: Agriculture",,208771,,,"","",""
18268,"48000000123",3609624,"TX",5419,"1","IV-A","Documented",17846300,16904705,,,"N","",""
17784,"48004323001",1183510,"TX",5419,"1","I","Documented",3100000,2936440,,,"N","",""
17812,"48001218002",1182998,"TX",6612,"1","I","Documented",5354000,5867158,,,"Y","",""
17950,"48001127001",1182930,"TX",5419,"1","I","Documented",65535401,62077663,,,"Y","",""
17951,"48001127001",1182930,"TX",5419,"1","III-B","Documented",25500003,24154588,,,"Y","",""
25991,"48002016001",1183115,"TX",5327,"1","IV-A","Documented",4097000,4422182,,,"Y","Aerated Lagoon",""
25194,"48001044001",3268716,"TX",5419,"1","I","Documented",2965000,2808563,,,"N","",""
25195,"48001044001",3268716,"TX",5419,"1","III-B","Documented",400000,378895,,,"N","",""
25202,"48005075002",1183625,"TX",1517,"1","III-B","Documented",5809050,5953858,,,"Y","",""
17803,"48005081001",1183631,"TX",5419,"1","I","Documented",3300000,3125887,,,"N","",""
18193,"48005071001",1183620,"TX",5419,"1","I","Documented",500000,473619,,,"N","",""
56519,"48000000319",3611023,"TX",9680,"53","VII-A","NPS: Agriculture",,284586,,,"","",""
25725,"48004354017",3534356,"TX",5327,"1","I","Documented",75175000,81141691,,,"N","",""
26382,"48008150001",1184447,"TX",5327,"1","IV-A","Documented",210000,226668,,,"N","",""
17472,"48006029001",1183700,"TX",5419,"1","I","Documented",5640962,5343337,,,"N","Aerated Lagoon",""
17502,"48006035001",1183702,"TX",5419,"1","I","Documented",8562354,8110592,,,"N","",""
17686,"48000000115",3609565,"TX",1517,"1","I","Documented",26405000,27063224,,,"N","",""
16289,"48004372001",1183540,"TX",6517,"1","III-B","Documented",50760,57857,,,"N","",""
15353,"48000000109",3609163,"TX",5419,"1","IV-A","Documented",809325,766624,,,"N","",""
15403,"48006043002",1183706,"TX",1517,"1","II","Documented",69449223,71180453,,,"N","",""
15404,"48006043002",1183706,"TX",1517,"1","III-B","Documented",3362500,3446320,,,"N","",""
15603,"48002008001",1183111,"TX",5419,"1","I","Documented",35600000,33721695,,,"N","",""
15526,"48001007004",1182877,"TX",5419,"1","II","Documented",13388000,12681631,,,"N","",""
17441,"48004098001",1183405,"TX",5419,"1","IV-B","Documented",28594500,27085815,,,"N","",""
21217,"48001028001",1182896,"TX",1517,"1","I","Documented",2567386,2631386,,,"N","",""
21235,"48004223001",1183475,"TX",1517,"1","III-A","Documented",3875906,3972525,,,"Y","",""
21317,"48001238001",1183017,"TX",1517,"1","I","Documented",47500,48684,,,"N","",""
18284,"48002001001",1183105,"TX",5419,"1","I","Documented",19641253,18604953,,,"N","",""
18384,"48007305001",1184059,"TX",5419,"1","I","Documented",10350000,9803920,,,"N","",""
19155,"48009039001",1184488,"TX",5419,"1","II","Documented",7767517,7357692,,,"N","",""
22001,"48000115001",1227740,"TX",1517,"1","I","Documented",6000000,6149568,,,"N","",""
17369,"48001131003",1182937,"TX",5419,"1","III-A","Documented",11939795,11309835,,,"N","",""
21701,"48000000163",3610517,"TX",1517,"1","I","Documented",2922500,2995352,,,"N","",""
23647,"48001217001",1227773,"TX",5419,"1","I","Documented",7000000,6630670,,,"Y","",""
23679,"48000000162",3610515,"TX",5419,"1","I","Documented",657500,622809,,,"N","",""
23680,"48000000162",3610515,"TX",5419,"1","III-B","Documented",657500,622809,,,"N","",""
23710,"48004026001",1183343,"TX",5419,"1","I","Documented",20000000,18944772,,,"Y","",""
23711,"48004026001",1183343,"TX",5419,"1","III-B","Documented",66000000,62517749,,,"Y","",""
16283,"48001125002",1182928,"TX",5419,"1","I","Documented",75600000,71611240,,,"N","Secondary Mechanical",""
22259,"48004085001",2878621,"TX",1517,"1","III-A","Documented",4833460,4953948,,,"N","",""
26482,"48000000404",3611321,"TX",5327,"1","I","Documented",17025000,18376286,,,"N","",""
26483,"48000000404",3611321,"TX",5327,"1","IV-B","Documented",3715000,4009862,,,"N","",""
56524,"48000000324",3611028,"TX",9680,"53","VII-A","NPS: Agriculture",,27473173,,,"","",""
56529,"48000000295",3610997,"TX",9680,"53","VII-A","NPS: Agriculture",,2461182,,,"","",""
56536,"48000000303",3611005,"TX",9680,"53","VII-A","NPS: Agriculture",,736114,,,"","",""
23739,"48000000121",3609620,"TX",1517,"1","I","Documented",12620000,12934591,,,"N","",""
23740,"48000005007",1227738,"TX",5419,"1","I","Documented",24791000,23482993,,,"N","",""
23741,"48000005007",1227738,"TX",5419,"1","III-B","Documented",6400000,6062327,,,"N","",""
16488,"48001125002",1182928,"TX",5419,"1","III-B","Documented",38990000,36932834,,,"N","",""
20008,"48001151001",1182954,"TX",5419,"1","IV-A","Documented",7861000,7446243,,,"N","",""
15406,"48008069001",1184411,"TX",5419,"1","I","Documented",64000000,60623272,,,"N","",""
16789,"48003033005",1183199,"TX",1517,"1","IV-B","Documented",63552000,65136224,,,"Y","",""
21875,"48008028001",1184372,"TX",5419,"1","I","Documented",26340000,24950265,,,"N","",""
17350,"48004261001",1227861,"TX",5419,"1","III-A","Documented",10065282,9534224,,,"Y","",""
20769,"48004057001",1183374,"TX",1517,"1","I","Documented",29593636,30331346,,,"N","",""
20716,"48001217001",1227773,"TX",5419,"1","III-A","Documented",22650000,21454955,,,"Y","",""
20988,"48003032001",1183195,"TX",1517,"1","III-A","Documented",10997000,11271133,,,"Y","",""
56421,"48000000269",3610967,"TX",9680,"53","VII-A","NPS: Agriculture",,246118,,,"","",""
56427,"48000000274",3610972,"TX",9680,"53","VII-A","NPS: Agriculture",,8971735,,,"","",""
56429,"48000000277",3610975,"TX",9680,"53","VII-A","NPS: Agriculture",,751613,,,"","",""
56430,"48000000329",3611033,"TX",9680,"53","VII-A","NPS: Agriculture",,2466784,,,"","",""
56431,"48000000330",3611034,"TX",9680,"53","VII-A","NPS: Agriculture",,4984360,,,"","",""
56456,"48000000339",3611063,"TX",9680,"53","VII-A","NPS: Agriculture",,21101,,,"","",""
56457,"48000000340",3611064,"TX",9680,"53","VII-A","NPS: Agriculture",,2117400,,,"","",""
21219,"48007180001",1183984,"TX",1517,"1","IV-A","Documented",2137921,2191215,,,"N","",""
15701,"48004052001",1183370,"TX",5419,"1","II","Documented",34247545,32440597,,,"N","",""
20038,"48001107003",412991,"TX",5419,"1","III-B","Documented",6083000,5762053,,,"N","",""
56250,"48000000134",3610478,"TX",8560,"53","VII-A","NPS: Agriculture",,4778016,,,"","",""
37616,"48003033016",3514807,"TX",13485,"20","I","Documented",5742126,5836773,,,"N","",""
37705,"48003033002",1183197,"TX",13485,"20","I","Documented",320401116,325682268,,,"N","",""
20110,"48005078001",1183627,"TX",1517,"1","III-A","Documented",5617000,5757021,,,"N","",""
21858,"48008028004",1184374,"TX",5419,"1","I","Documented",26340000,24950265,,,"N","",""
21959,"48001151006",3516498,"TX",5419,"1","I","Documented",74800000,70853449,,,"N","",""
35532,"48007039076",1183846,"TX",12305,"20","I","Documented",36033889,34189942,,,"N","",""
35533,"48007039076",1183846,"TX",12305,"20","III-B","Documented",37687917,35759329,,,"Y","",""
35601,"48007080001",1183904,"TX",12305,"20","I","Documented",36033889,34189942,,,"N","",""
35602,"48007080001",1183904,"TX",12305,"20","III-B","Documented",37687917,35759329,,,"Y","",""
35656,"48007039067",2883822,"TX",12305,"20","I","Documented",36033889,34189942,,,"N","",""
35657,"48007039067",2883822,"TX",12305,"20","III-B","Documented",37687917,35759329,,,"Y","",""
35675,"48007039084",1183851,"TX",12305,"20","I","Documented",36033889,34189942,,,"N","",""
35676,"48007039084",1183851,"TX",12305,"20","III-B","Documented",37687917,35759329,,,"Y","",""
35677,"48007039102",2883840,"TX",12305,"20","I","Documented",36033889,34189942,,,"N","",""
35678,"48007039102",2883840,"TX",12305,"20","III-B","Documented",37687917,35759329,,,"Y","",""
35706,"48007039101",3272948,"TX",12305,"20","I","Documented",36033889,34189942,,,"N","",""
35707,"48007039101",3272948,"TX",12305,"20","III-B","Documented",37687917,35759329,,,"Y","",""
56415,"48000000263",3610961,"TX",9680,"53","VII-A","NPS: Agriculture",,334444,,,"","",""
56417,"48000000265",3610963,"TX",9680,"53","VII-A","NPS: Agriculture",,13686448,,,"","",""
56420,"48000000268",3610966,"TX",9680,"53","VII-A","NPS: Agriculture",,3455925,,,"","",""
35660,"48007039082",1183850,"TX",12305,"20","I","Documented",36033889,34189942,,,"N","",""
35661,"48007039082",1183850,"TX",12305,"20","III-B","Documented",37687917,35759329,,,"Y","",""
19990,"48005020002",1227871,"TX",1517,"1","I","Documented",5790000,5934333,,,"N","",""
27451,"48006066002",1183724,"TX",5327,"1","III-B","Documented",525300,566993,,,"N","",""
51948,"48000000439",3613900,"TX",18974,"101d","XII","Decentralized",,75621590,,,"","","Y"
52144,"48000000449",3613913,"TX",18974,"101d","XII","Decentralized",,25880570,,,"","","Y"
52148,"48000000453",3613932,"TX",18974,"101d","XII","Decentralized",,21628887,,,"","","Y"
52151,"48000000455",3613935,"TX",18974,"101d","XII","Decentralized",,17734749,,,"","","Y"
52155,"48000000462",3613944,"TX",18974,"101d","XII","Decentralized",,9571134,,,"","","Y"
52156,"48000000463",3613945,"TX",18974,"101d","XII","Decentralized",,281504,,,"","","Y"
52160,"48000000468",3613950,"TX",18974,"101d","XII","Decentralized",,37909198,,,"","","Y"
52167,"48000000476",3613960,"TX",18974,"101d","XII","Decentralized",,140752,,,"","","Y"
52171,"48000000480",3613964,"TX",18974,"101d","XII","Decentralized",,23317889,,,"","","Y"
52174,"48000000484",3614043,"TX",18974,"101d","XII","Decentralized",,147918878,,,"","","Y"
52200,"48000000493",3614053,"TX",18974,"101d","XII","Decentralized",,150470126,,,"","","Y"
52208,"48000000497",3614057,"TX",18974,"101d","XII","Decentralized",,61086356,,,"","","Y"
52243,"48001057001",3515316,"TX",18974,"101d","XII","Decentralized",,1876693,,,"","","Y"
52403,"48000000527",3614091,"TX",18974,"101d","XII","Decentralized",,14356701,,,"","","Y"
52476,"48000000533",3614098,"TX",18974,"101d","XII","Decentralized",,143136754,,,"","","Y"
52509,"48000000534",3614099,"TX",18974,"101d","XII","Decentralized",,6990681,,,"","","Y"
52523,"48000000536",3614111,"TX",18974,"101d","XII","Decentralized",,1595189,,,"","","Y"
25201,"48005075002",1183625,"TX",5419,"1","I","Documented",11345000,10746422,,,"Y","",""
26361,"48001204001",1182983,"TX",5327,"1","I","Documented",47500,51270,,,"N","",""
37230,"48004026002",1183344,"TX",13250,"20","IV-B","Documented",120000000,113668634,,,"N","",""
55962,"48004026801",3507483,"TX",19833,"20","VI-C","Documented",2643066,2493499,,,"","",""
16280,"48001125005",3515818,"TX",5419,"1","I","Documented",12960000,12276213,,,"N","Secondary Mechanical",""
16492,"48001125001",1182927,"TX",5419,"1","IV-A","Documented",29000000,27469920,,,"N","",""
38249,"48000000411",3612390,"TX",13809,"20","VII-K","Documented",84135670,85522473,,,"","",""
20065,"48008045001",1184392,"TX",5419,"1","I","Documented",10396000,9847493,,,"N","",""
18194,"48005071001",1183620,"TX",5419,"1","III-B","Documented",2330000,2207066,,,"N","",""
20050,"48001296001",1183045,"TX",5419,"1","I","Documented",580000,549398,,,"N","",""
20051,"48001124001",1182926,"TX",5419,"1","III-B","Documented",3347000,3170408,,,"Y","",""
17982,"48009045001",1184491,"TX",5419,"1","III-B","Documented",1400000,1326134,,,"N","",""
18197,"48004094001",1227847,"TX",5419,"1","I","Documented",17770155,16832577,,,"N","",""
17789,"48001117001",1182918,"TX",5419,"1","I","Documented",12221000,11576203,,,"N","",""
18188,"48001130001",1182933,"TX",5419,"1","III-B","Documented",4493000,4255943,,,"N","",""
56550,"48000000285",3610986,"TX",9680,"53","VII-A","NPS: Agriculture",,4222663,,,"","",""
56554,"48000000288",3610990,"TX",9680,"53","VII-A","NPS: Agriculture",,4733200,,,"","",""
56520,"48000000320",3611024,"TX",9680,"53","VII-A","NPS: Agriculture",,1857651,,,"","",""
52224,"48000000512",3614073,"TX",18974,"101d","XII","Decentralized",,33858779,,,"","","Y"
52231,"48000000519",3614080,"TX",18974,"101d","XII","Decentralized",,195081858,,,"","","Y"
37718,"48003033005",1183199,"TX",13485,"20","I","Documented",36879847,37487735,,,"N","",""
37719,"48003033005",1183199,"TX",13485,"20","X","Documented",200000,203297,,,"","",""
37224,"48004026002",1183344,"TX",13250,"20","I","Documented",32000000,30311636,,,"N","",""
37324,"48004026002",1183344,"TX",13250,"20","III-B","Documented",47450000,44946472,,,"N","",""
52143,"48000000447",3613911,"TX",18974,"101d","XII","Decentralized",,1079098,,,"","","Y"
52147,"48000000452",3613931,"TX",18974,"101d","XII","Decentralized",,37909198,,,"","","Y"
52162,"48000000470",3613952,"TX",18974,"101d","XII","Decentralized",,16514898,,,"","","Y"
52165,"48000000473",3613957,"TX",18974,"101d","XII","Decentralized",,25616859,,,"","","Y"
56299,"48000000141",3610489,"TX",8560,"53","VII-A","NPS: Agriculture",,3893074,,,"","",""
56301,"48000000143",3610491,"TX",8560,"53","VII-A","NPS: Agriculture",,13165454,,,"","",""
56353,"48000000195",3610842,"TX",8560,"53","VII-A","NPS: Agriculture",,4261878,,,"","",""
17933,"48004110002",421101,"TX",5419,"1","III-A","Documented",10209450,9670785,,,"Y","",""
26369,"48008058001",1227940,"TX",5327,"1","I","Documented",3487750,3764575,,,"N","",""
56527,"48000000293",3610995,"TX",9680,"53","VII-A","NPS: Agriculture",,4664107,,,"","",""
56531,"48000000298",3611000,"TX",9680,"53","VII-A","NPS: Agriculture",,29611115,,,"","",""
56473,"48000000356",3611096,"TX",9832,"53","VII-A","NPS: Agriculture",,1858211,,,"","",""
56474,"48000000357",3611097,"TX",9832,"53","VII-A","NPS: Agriculture",,7732741,,,"","",""
54450,"48000000546",3614328,"TX",18974,"101d","XII","Decentralized",,323778836,,,"","","Y"
51928,"48000000435",3613896,"TX",18974,"101d","XII","Decentralized",,891429,,,"","","Y"
19980,"48005071001",1183620,"TX",1517,"1","I","Documented",1415000,1450273,,,"N","",""
19981,"48005071001",1183620,"TX",1517,"1","III-A","Documented",1915000,1962737,,,"Y","",""
16704,"48003033004",2902595,"TX",5419,"1","I","Documented",9046000,8568721,,,"N","",""
17952,"48009039001",1184488,"TX",5419,"1","III-B","Documented",13886774,13154089,,,"N","",""
18366,"48000000116",3609567,"TX",5419,"1","III-B","Documented",46061582,43631309,,,"N","",""
18273,"48009024001",1184483,"TX",5419,"1","I","Documented",500000,473619,,,"N","",""
20034,"48001053001",1182903,"TX",5419,"1","IV-A","Documented",12312500,11662875,,,"N","",""
17345,"48008138001",1184445,"TX",5419,"1","III-B","Documented",1976203,1871936,,,"Y","",""
27821,"48006009007",1183681,"TX",5327,"1","I","Documented",1151000,1242356,,,"Y","",""
17927,"48000000119",3609588,"TX",5419,"1","I","Documented",2095000,1984465,,,"N","Lagoon",""
17928,"48000000119",3609588,"TX",5419,"1","IV-A","Documented",5905000,5593444,,,"N","",""
16796,"48003033005",1183199,"TX",1517,"1","I","Documented",104551000,107157247,,,"N","Secondary Mechanical",""
17732,"48009051001",1184492,"TX",5419,"1","I","Documented",5982000,5666381,,,"N","",""
54437,"48000000542",3614322,"TX",18974,"101d","XII","Decentralized",,134029284,,,"","","Y"
54440,"48000000543",3614324,"TX",18974,"101d","XII","Decentralized",,172002597,,,"","","Y"
37737,"48003111003",1183257,"TX",13485,"20","I","Documented",6892600,7006210,,,"N","",""
56111,"48003040004",405776,"TX",16888,"12a","II","Documented",86272000,88845911,,,"N","",""
56251,"48000000136",3610484,"TX",8560,"53","VII-A","NPS: Agriculture",,1419381,,,"","",""
56317,"48000000149",3610497,"TX",8560,"53","VII-A","NPS: Agriculture",,4597069,,,"","",""
56319,"48000000152",3610500,"TX",8560,"53","VII-A","NPS: Agriculture",,4620784,,,"","",""
49754,"48003114001",1183259,"TX",5419,"1","III-B","Documented",437950,414843,,,"N","",""
56296,"48000000248",3610931,"TX",9680,"53","VII-A","NPS: Agriculture",,6407662,,,"","",""
56306,"48000000144",3610492,"TX",8560,"53","VII-A","NPS: Agriculture",,222403,,,"","",""
56309,"48000000252",3610944,"TX",9680,"53","VII-A","NPS: Agriculture",,5343453,,,"","",""
56310,"48000000146",3610494,"TX",8560,"53","VII-A","NPS: Agriculture",,6034377,,,"","",""
56316,"48000000150",3610498,"TX",8560,"53","VII-A","NPS: Agriculture",,727337,,,"","",""
25737,"48004354004",1227865,"TX",5327,"1","I","Documented",169497000,182950093,,,"Y","",""
56321,"48000000154",3610502,"TX",8560,"53","VII-A","NPS: Agriculture",,6735944,,,"","",""
56341,"48000000183",3610830,"TX",8560,"53","VII-A","NPS: Agriculture",,1650560,,,"","",""
56359,"48000000202",3610849,"TX",8560,"53","VII-A","NPS: Agriculture",,1642344,,,"","",""
56381,"48000000223",3610870,"TX",8560,"53","VII-A","NPS: Agriculture",,1537211,,,"","",""
56396,"48000000238",3610921,"TX",8560,"53","VII-A","NPS: Agriculture",,4108754,,,"","",""
52138,"48000000442",3613904,"TX",18974,"101d","XII","Decentralized",,328421,,,"","","Y"
52139,"48000000443",3613905,"TX",18974,"101d","XII","Decentralized",,18766930,,,"","","Y"
52140,"48000000444",3613907,"TX",18974,"101d","XII","Decentralized",,12609476,,,"","","Y"
52168,"48000000477",3613961,"TX",18974,"101d","XII","Decentralized",,750677,,,"","","Y"
52169,"48000000478",3613962,"TX",18974,"101d","XII","Decentralized",,1079098,,,"","","Y"
52188,"48001549001",430568,"TX",18974,"101d","XII","Decentralized",,2205114,,,"","","Y"
52197,"48000000492",3614052,"TX",18974,"101d","XII","Decentralized",,54118755,,,"","","Y"
52202,"48000000495",3614055,"TX",18974,"101d","XII","Decentralized",,14544371,,,"","","Y"
52209,"48000000498",3614059,"TX",18974,"101d","XII","Decentralized",,375339,,,"","","Y"
52214,"48000000502",3614063,"TX",18974,"101d","XII","Decentralized",,12386174,,,"","","Y"
52218,"48000000505",3614066,"TX",18974,"101d","XII","Decentralized",,1079098,,,"","","Y"
52219,"48000000506",3614067,"TX",18974,"101d","XII","Decentralized",,70938995,,,"","","Y"
52225,"48003200002",432079,"TX",18974,"101d","XII","Decentralized",,59538085,,,"","","Y"
52222,"48000000509",3614070,"TX",18974,"101d","XII","Decentralized",,21675804,,,"","","Y"
52228,"48000000515",3614076,"TX",18974,"101d","XII","Decentralized",,9711886,,,"","","Y"
52229,"48000000517",3614078,"TX",18974,"101d","XII","Decentralized",,234587,,,"","","Y"
52230,"48000000518",3614079,"TX",18974,"101d","XII","Decentralized",,26930544,,,"","","Y"
52232,"48000000520",3614081,"TX",18974,"101d","XII","Decentralized",,36240569,,,"","","Y"
52234,"48000000522",3614083,"TX",18974,"101d","XII","Decentralized",,469173,,,"","","Y"
52244,"48002036003",3340002,"TX",18974,"101d","XII","Decentralized",,13046687,,,"","","Y"
52410,"48000000528",3614092,"TX",18974,"101d","XII","Decentralized",,118935417,,,"","","Y"
52203,"48000000496",3614056,"TX",18974,"101d","XII","Decentralized",,64135982,,,"","","Y"
52217,"48000000504",3614065,"TX",18974,"101d","XII","Decentralized",,94355482,,,"","","Y"
27791,"48001225001",1183006,"TX",5327,"1","I","Documented",47500,51270,,,"N","",""
27816,"48007012002",1183782,"TX",5327,"1","I","Documented",131680466,142132035,,,"N","",""
56413,"48000000261",3610958,"TX",9680,"53","VII-A","NPS: Agriculture",,10973733,,,"","",""
37729,"48003033014",3514808,"TX",13485,"20","I","Documented",23098000,23478723,,,"N","",""
52471,"48000000530",3614095,"TX",18974,"101d","XII","Decentralized",,7647524,,,"","","Y"
45049,"48001102001",1182905,"TX",16888,"12a","X","Documented",99249000,102210078,,,"","",""
52241,"48002079002",435410,"TX",18974,"101d","XII","Decentralized",,29839418,,,"","","Y"
52223,"48000000511",3614072,"TX",18974,"101d","XII","Decentralized",,146991977,,,"","","Y"
52392,"48000000526",3614090,"TX",18974,"101d","XII","Decentralized",,44336872,,,"","","Y"
27872,"48002019001",1183118,"TX",5327,"1","I","Documented",1156000,1247753,,,"Y","",""
17743,"48009003001",1184467,"TX",5419,"1","III-A","Documented",4341000,4111963,,,"Y","",""
22005,"48000000167",3610568,"TX",5419,"1","I","Documented",56260000,53291645,,,"N","",""
22006,"48000000168",3610569,"TX",5419,"1","XII","Documented",6000000,5683432,,,"","",""
22007,"48000000170",3610571,"TX",1517,"1","I","Documented",11989125,12287990,,,"N","",""
56556,"48000000290",3610992,"TX",9680,"53","VII-A","NPS: Agriculture",,4544596,,,"","",""
56538,"48000000305",3611007,"TX",9680,"53","VII-A","NPS: Agriculture",,652829,,,"","",""
40899,"48000000123",3609624,"TX",5419,"1","I","Documented",8078700,7652457,,,"N","",""
56541,"48000000308",3611010,"TX",9680,"53","VII-A","NPS: Agriculture",,735367,,,"","",""
56553,"48000000287",3610989,"TX",9680,"53","VII-A","NPS: Agriculture",,1563168,,,"","",""
56557,"48000000292",3610994,"TX",9680,"53","VII-A","NPS: Agriculture",,4100911,,,"","",""
56461,"48000000344",3611068,"TX",9680,"53","VII-A","NPS: Agriculture",,7506044,,,"","",""
56469,"48000000352",3611077,"TX",9832,"53","VII-A","NPS: Agriculture",,3756943,,,"","",""
18444,"48006022001",417949,"TX",5419,"1","III-B","Documented",17193000,16285874,,,"N","",""
20192,"48004104001",1183410,"TX",1517,"1","I","Documented",9948500,10196496,,,"N","",""
20222,"48007815001",1184284,"TX",1517,"1","I","Documented",4177500,4281637,,,"N","",""
32872,"48007039003",1183822,"TX",11183,"20","I","Documented",2825000,2998536,,,"N","",""
22261,"48000000171",3610608,"TX",1517,"1","I","Documented",7350875,7534118,,,"N","",""
35704,"48007039043",1183838,"TX",12305,"20","I","Documented",36033889,34189942,,,"N","",""
35705,"48007039043",1183838,"TX",12305,"20","III-B","Documented",37687917,35759329,,,"Y","",""
56471,"48000000354",3611094,"TX",9832,"53","VII-A","NPS: Agriculture",,7177015,,,"","",""
56478,"48000000362",3611103,"TX",9832,"53","VII-A","NPS: Agriculture",,298031,,,"","",""
56481,"48000000365",3611108,"TX",9832,"53","VII-A","NPS: Agriculture",,6037178,,,"","",""
56487,"48000000372",3611119,"TX",9832,"53","VII-A","NPS: Agriculture",,8425346,,,"","",""
56501,"48000000389",3611145,"TX",9832,"53","VII-A","NPS: Agriculture",,3022510,,,"","",""
56515,"48000000315",3611019,"TX",9680,"53","VII-A","NPS: Agriculture",,1328441,,,"","",""
15493,"48000000112",3609242,"TX",5419,"1","I","Documented",20138870,19076315,,,"N","",""
20732,"48071241001",3150676,"TX",1517,"1","X","Documented",3784128,3878459,,,"","",""
20788,"48003009001",1227803,"TX",1517,"1","I","Documented",9041400,9266784,,,"N","",""
20793,"48000000130",3610396,"TX",1517,"1","I","Documented",17000000,17423776,,,"N","",""
28274,"48004086001",1183395,"TX",5327,"1","I","Documented",1250000,1349213,,,"Y","",""
20081,"48001166002",1182961,"TX",5419,"1","I","Documented",9180875,8696479,,,"N","",""
21589,"48001131004",3540036,"TX",1517,"1","IV-A","Documented",11245000,11525315,,,"N","",""
17693,"48000000116",3609567,"TX",5419,"1","I","Documented",71780000,67992788,,,"N","",""
17610,"48005020002",1227871,"TX",5419,"1","V","Documented",10200000,9661834,,,"","",""
18368,"48001106001",1182911,"TX",5419,"1","III-A","Documented",5428939,5142501,,,"N","",""
18404,"48001120001",1182922,"TX",5419,"1","I","Documented",3412134,3232105,,,"N","",""
20064,"48008045003",3049348,"TX",5419,"1","I","Documented",50420000,47759771,,,"N","",""
28791,"48004075001",1183386,"TX",5327,"1","III-A","Documented",13413000,14477599,,,"Y","",""
15420,"48005021001",1227872,"TX",1517,"1","I","Documented",60000000,61495680,,,"N","",""
16491,"48001125001",1182927,"TX",5419,"1","III-B","Documented",4500000,4262574,,,"N","",""
16501,"48000000108",3609159,"TX",5419,"1","I","Documented",10091362,9558928,,,"N","",""
16502,"48004021001",1183337,"TX",6612,"1","III-A","Documented",1281000,1403778,,,"N","",""
18407,"48001120001",1182922,"TX",5419,"1","III-B","Documented",540000,511509,,,"N","",""
21114,"48001104003",1182908,"TX",5419,"1","II","Documented",53023742,50226136,,,"Y","",""
21116,"48001104003",1182908,"TX",5419,"1","III-B","Documented",90681825,85897327,,,"Y","",""
38248,"48003033500",3514842,"TX",13809,"20","VI-A","Documented",121467491,123469632,,,"","",""
35581,"48007039047",1183839,"TX",12305,"20","I","Documented",36033889,34189942,,,"N","",""
35582,"48007039047",1183839,"TX",12305,"20","III-B","Documented",37687917,35759329,,,"Y","",""
35609,"48007039012",1183827,"TX",12305,"20","I","Documented",36033889,34189942,,,"N","",""
35610,"48007039012",1183827,"TX",12305,"20","III-B","Documented",37687917,35759329,,,"Y","",""
35652,"48007039113",2882180,"TX",12305,"20","I","Documented",36033889,34189942,,,"N","",""
35653,"48007039113",2882180,"TX",12305,"20","III-B","Documented",37687917,35759329,,,"Y","",""
21408,"48004089001",1183398,"TX",5327,"1","I","Documented",5469288,5903389,,,"N","",""
21414,"48004076001",1183387,"TX",8526,"3","I","Documented",953416,1024730,,,"N","",""
21415,"48004076001",1183387,"TX",8526,"3","III-B","Documented",1233316,1325566,,,"N","",""
22932,"48001246001",1183023,"TX",5419,"1","I","Documented",2476500,2345836,,,"Y","",""
22933,"48001246001",1183023,"TX",5419,"1","III-B","Documented",672500,637018,,,"Y","",""
41088,"48000000412",3612700,"TX",1517,"1","I","Documented",2402307,2462192,,,"N","",""
41856,"48009029001",1184484,"TX",5419,"1","I","Documented",275000,260491,,,"N","",""
20043,"48001130002",1182934,"TX",5419,"1","III-B","Documented",1660000,1572416,,,"N","",""
20047,"48007488001",1184098,"TX",5419,"1","III-A","Documented",25156786,23829479,,,"Y","",""
23927,"48007646001",1184193,"TX",5419,"1","I","Documented",2000000,1894477,,,"Y","",""
23928,"48007646001",1184193,"TX",5419,"1","III-B","Documented",5650000,5351898,,,"Y","",""
21011,"48007826003",1184289,"TX",1517,"1","I","Documented",6000000,6149568,,,"N","",""
21045,"48001148001",1182951,"TX",1517,"1","X","Documented",5298300,5430376,,,"","",""
56416,"48000000264",3610962,"TX",9680,"53","VII-A","NPS: Agriculture",,1208182,,,"","",""
56418,"48000000266",3610964,"TX",9680,"53","VII-A","NPS: Agriculture",,975883,,,"","",""
40839,"48000000122",3609622,"TX",5419,"1","IV-A","Documented",6593000,6245144,,,"Y","",""
35595,"48007039006",1183824,"TX",12305,"20","I","Documented",36033889,34189942,,,"N","",""
35596,"48007039006",1183824,"TX",12305,"20","III-B","Documented",37687917,35759329,,,"Y","",""
40845,"48000000122",3609622,"TX",5419,"1","I","Documented",12430000,11774176,,,"N","",""
17329,"48004213001",1183466,"TX",5419,"1","V","Documented",308000,291749,,,"","",""
17819,"48005049001",1183605,"TX",5419,"1","III-B","Documented",8420324,7976056,,,"N","",""
20021,"48003035005",3536257,"TX",5419,"1","I","Documented",5432700,5146063,,,"N","",""
20022,"48003035005",3536257,"TX",5419,"1","IV-B","Documented",14768600,13989388,,,"N","",""
43002,"48009508001",1184510,"TX",1517,"1","III-B","Documented",1460686,1497098,,,"N","",""
56453,"48000000336",3611056,"TX",9680,"53","VII-A","NPS: Agriculture",,2028327,,,"","",""
35592,"48007039091",1183856,"TX",12305,"20","I","Documented",36033889,34189942,,,"N","",""
35593,"48007039091",1183856,"TX",12305,"20","III-B","Documented",37687917,35759329,,,"Y","",""
35615,"48007039074",1183844,"TX",12305,"20","I","Documented",36033889,34189942,,,"N","",""
35616,"48007039074",1183844,"TX",12305,"20","III-B","Documented",37687917,35759329,,,"Y","",""
35679,"48007039021",1183830,"TX",12305,"20","I","Documented",36033889,34189942,,,"N","",""
35680,"48007039021",1183830,"TX",12305,"20","III-B","Documented",37687917,35759329,,,"Y","",""
35708,"48007039065",1183841,"TX",12305,"20","I","Documented",36033889,34189942,,,"N","",""
35709,"48007039065",1183841,"TX",12305,"20","III-B","Documented",37687917,35759329,,,"Y","",""
18198,"48004094001",1227847,"TX",5419,"1","III-B","Documented",2204520,2088206,,,"N","",""
17825,"48000000118",3609575,"TX",7137,"3","I","Documented",1674000,1636992,,,"N","",""
17826,"48000000118",3609575,"TX",7137,"3","IV-A","Documented",8743663,8550362,,,"N","",""
18396,"48009163001",1227954,"TX",5419,"1","III-A","Documented",3288000,3114521,,,"N","",""
15319,"48002031001",1183125,"TX",5419,"1","III-B","Documented",56000000,53045363,,,"Y","Secondary Mechanical",""
17360,"48006049001",1183712,"TX",5419,"1","III-A","Documented",2968000,2811404,,,"Y","",""
17489,"48004083001",1183393,"TX",5419,"1","I","Documented",10143800,9608599,,,"N","",""
20006,"48001684001",3150468,"TX",5419,"1","III-A","Documented",2500000,2368097,,,"Y","",""
37651,"48003033004",2902595,"TX",13485,"20","I","Documented",25441782,25861137,,,"N","",""
40808,"48007424001",1184069,"TX",5327,"1","III-B","Documented",6500000,7015909,,,"Y","",""
40877,"48005076001",1227882,"TX",5419,"1","IV-A","Documented",3340000,3163777,,,"N","",""
14301,"48001111001",1182915,"TX",5419,"1","III-B","Documented",3470000,3286918,,,"Y","",""
14328,"48005060001",1183612,"TX",5419,"1","I","Documented",800000,757791,,,"N","",""
14329,"48005060001",1183612,"TX",5419,"1","III-B","Documented",2145000,2031827,,,"Y","",""
14357,"48003001001",1183166,"TX",5419,"1","III-B","Documented",2000000,1894477,,,"N","",""
14408,"48006046001",1183708,"TX",1517,"1","I","Documented",6775000,6943887,,,"N","",""
35599,"48007039007",1183825,"TX",12305,"20","I","Documented",36033889,34189942,,,"N","",""
35600,"48007039007",1183825,"TX",12305,"20","III-B","Documented",37687917,35759329,,,"Y","",""
40483,"48008058001",1227940,"TX",5327,"1","III-B","Documented",1472250,1589103,,,"N","",""
28913,"48003031001",1183194,"TX",10600,"2","I","Documented",14550000,15716549,,,"N","",""
56297,"48000000139",3610487,"TX",8560,"53","VII-A","NPS: Agriculture",,1534037,,,"","",""
56315,"48000000255",3610947,"TX",9680,"53","VII-A","NPS: Agriculture",,22284524,,,"","",""
56323,"48000000157",3610505,"TX",8560,"53","VII-A","NPS: Agriculture",,2569675,,,"","",""
56346,"48000000188",3610835,"TX",8560,"53","VII-A","NPS: Agriculture",,8698914,,,"","",""
56385,"48000000227",3610874,"TX",8560,"53","VII-A","NPS: Agriculture",,5651007,,,"","",""
56386,"48000000228",3610875,"TX",8560,"53","VII-A","NPS: Agriculture",,32802061,,,"","",""
56392,"48000000234",3610917,"TX",8560,"53","VII-A","NPS: Agriculture",,3418764,,,"","",""
56393,"48000000235",3610918,"TX",8560,"53","VII-A","NPS: Agriculture",,2218985,,,"","",""
56400,"48000000242",3610925,"TX",8560,"53","VII-A","NPS: Agriculture",,3879442,,,"","",""
56513,"48000000313",3611015,"TX",9680,"53","VII-A","NPS: Agriculture",,1554951,,,"","",""
56523,"48000000323",3611027,"TX",9680,"53","VII-A","NPS: Agriculture",,7493159,,,"","",""
56532,"48000000299",3611001,"TX",9680,"53","VII-A","NPS: Agriculture",,30878119,,,"","",""
56535,"48000000302",3611004,"TX",9680,"53","VII-A","NPS: Agriculture",,15460441,,,"","",""
56540,"48000000307",3611009,"TX",9680,"53","VII-A","NPS: Agriculture",,20252649,,,"","",""
56542,"48000000309",3611011,"TX",9680,"53","VII-A","NPS: Agriculture",,7831525,,,"","",""
50245,"48000003001",1227737,"TX",16888,"12a","I","Documented",1430000,1472664,,,"N","",""
52161,"48000000469",3613951,"TX",18974,"101d","XII","Decentralized",,365118145,,,"","","Y"
52170,"48000000479",3613963,"TX",18974,"101d","XII","Decentralized",,3424965,,,"","","Y"
52172,"48000000481",3613965,"TX",18974,"101d","XII","Decentralized",,5207823,,,"","","Y"
52173,"48000000483",3613967,"TX",18974,"101d","XII","Decentralized",,3518799,,,"","","Y"
52530,"48000000537",3614125,"TX",18974,"101d","XII","Decentralized",,15154296,,,"","","Y"
51834,"48000000429",3613890,"TX",18974,"101d","XII","Decentralized",,73074552,,,"","","Y"
51944,"48000000438",3613899,"TX",18974,"101d","XII","Decentralized",,13465272,,,"","","Y"
56342,"48000000184",3610831,"TX",8560,"53","VII-A","NPS: Agriculture",,1379419,,,"","",""
56351,"48000000193",3610840,"TX",8560,"53","VII-A","NPS: Agriculture",,5472675,,,"","",""
56352,"48000000194",3610841,"TX",8560,"53","VII-A","NPS: Agriculture",,8164288,,,"","",""
56365,"48000000208",3610855,"TX",8560,"53","VII-A","NPS: Agriculture",,3833505,,,"","",""
56370,"48000000213",3610860,"TX",8560,"53","VII-A","NPS: Agriculture",,119698,,,"","",""
56371,"48000000214",3610861,"TX",8560,"53","VII-A","NPS: Agriculture",,71520,,,"","",""
56379,"48000000221",3610868,"TX",8560,"53","VII-A","NPS: Agriculture",,10669913,,,"","",""
28252,"48002065001",1183145,"TX",5327,"1","III-A","Documented",3567000,3850115,,,"Y","",""
43019,"48002068001",1183147,"TX",5419,"1","III-A","Documented",3554000,3366486,,,"Y","",""
17983,"48000000120",3609590,"TX",5419,"1","I","Documented",997000,944397,,,"N","",""
20103,"48003085001",1227818,"TX",1517,"1","III-A","Documented",2343250,2401663,,,"Y","",""
4281,"48003085001",1227818,"TX",1517,"1","I","Documented",2343250,2401663,,,"N","",""
44825,"48000000417",3613122,"TX",16841,"20","VI-A","Documented",4000000,3797104,,,"","",""
56051,"48004026801",3507483,"TX",19833,"20","VI-A","Documented",278240079,262494939,,,"","",""
56432,"48000000331",3611035,"TX",9680,"53","VII-A","NPS: Agriculture",,19460515,,,"","",""
35710,"48007039108",2884264,"TX",12305,"20","I","Documented",36033889,34189942,,,"N","",""
35711,"48007039108",2884264,"TX",12305,"20","III-B","Documented",37687917,35759329,,,"Y","",""
56338,"48000000180",3610827,"TX",8560,"53","VII-A","NPS: Agriculture",,17105026,,,"","",""
56343,"48000000185",3610832,"TX",8560,"53","VII-A","NPS: Agriculture",,18665019,,,"","",""
56394,"48000000236",3610919,"TX",8560,"53","VII-A","NPS: Agriculture",,5032538,,,"","",""
56401,"48000000243",3610926,"TX",8560,"53","VII-A","NPS: Agriculture",,7228180,,,"","",""
56402,"48000000244",3610927,"TX",8560,"53","VII-A","NPS: Agriculture",,1626098,,,"","",""
56502,"48000000390",3611146,"TX",9832,"53","VII-A","NPS: Agriculture",,4686142,,,"","",""
54444,"48000000544",3614326,"TX",18974,"101d","XII","Decentralized",,180175406,,,"","","Y"
56293,"48000000138",3610486,"TX",8560,"53","VII-A","NPS: Agriculture",,69092,,,"","",""
15252,"48000000111",3609229,"TX",5419,"1","I","Documented",10479107,9926215,,,"Y","",""
15254,"48000000111",3609229,"TX",5419,"1","III-B","Documented",7315000,6929050,,,"Y","",""
51952,"48000000440",3613901,"TX",18974,"101d","XII","Decentralized",,240985539,,,"","","Y"
52226,"48001097001",3542800,"TX",18974,"101d","XII","Decentralized",,103499618,,,"","","Y"
52233,"48000000521",3614082,"TX",18974,"101d","XII","Decentralized",,656843,,,"","","Y"
49982,"48008045001",1184392,"TX",16888,"12a","X","Documented",196963028,202839388,,,"","",""
56426,"48000000273",3610971,"TX",9680,"53","VII-A","NPS: Agriculture",,4840946,,,"","",""
56455,"48000000338",3611058,"TX",9680,"53","VII-A","NPS: Agriculture",,3516427,,,"","",""
56470,"48000000353",3611078,"TX",9832,"53","VII-A","NPS: Agriculture",,1247584,,,"","",""
52164,"48000000472",3613955,"TX",18974,"101d","XII","Decentralized",,31809946,,,"","","Y"
52159,"48000000466",3613948,"TX",18974,"101d","XII","Decentralized",,213921583,,,"","","Y"
56489,"48000000374",3611121,"TX",9832,"53","VII-A","NPS: Agriculture",,1193430,,,"","",""
56491,"48000000376",3611125,"TX",9832,"53","VII-A","NPS: Agriculture",,859173,,,"","",""
56493,"48000000380",3611132,"TX",9832,"53","VII-A","NPS: Agriculture",,6938740,,,"","",""
56500,"48000000388",3611144,"TX",9832,"53","VII-A","NPS: Agriculture",,1352156,,,"","",""
56292,"48000000327",3611031,"TX",9680,"53","VII-A","NPS: Agriculture",,259937,,,"","",""
56312,"48000000147",3610495,"TX",8560,"53","VII-A","NPS: Agriculture",,4190358,,,"","",""
56318,"48000000151",3610499,"TX",8560,"53","VII-A","NPS: Agriculture",,5625611,,,"","",""
56320,"48000000153",3610501,"TX",8560,"53","VII-A","NPS: Agriculture",,1917780,,,"","",""
56326,"48000000256",3610948,"TX",9680,"53","VII-A","NPS: Agriculture",,2429997,,,"","",""
56336,"48000000178",3610825,"TX",8560,"53","VII-A","NPS: Agriculture",,6539685,,,"","",""
56337,"48000000179",3610826,"TX",8560,"53","VII-A","NPS: Agriculture",,860480,,,"","",""
56360,"48000000203",3610850,"TX",8560,"53","VII-A","NPS: Agriculture",,26688695,,,"","",""
56366,"48000000209",3610856,"TX",8560,"53","VII-A","NPS: Agriculture",,621271,,,"","",""
56368,"48000000211",3610858,"TX",8560,"53","VII-A","NPS: Agriculture",,833030,,,"","",""
56395,"48000000237",3610920,"TX",8560,"53","VII-A","NPS: Agriculture",,1104357,,,"","",""
56411,"48000000259",3610954,"TX",9680,"53","VII-A","NPS: Agriculture",,6959094,,,"","",""
56422,"48000000270",3610968,"TX",9680,"53","VII-A","NPS: Agriculture",,10372443,,,"","",""
54435,"48000000541",3614321,"TX",18974,"101d","XII","Decentralized",,182355485,,,"","","Y"
56495,"48000000382",3611135,"TX",9832,"53","VII-A","NPS: Agriculture",,1909376,,,"","",""
56508,"48000000397",3611153,"TX",9832,"53","VII-A","NPS: Agriculture",,15419732,,,"","",""
56510,"48000000400",3611156,"TX",9832,"53","VII-A","NPS: Agriculture",,3715861,,,"","",""
43837,"48000000117",3609574,"TX",5419,"1","I","Documented",4670000,4423604,,,"N","",""
56311,"48000000253",3610945,"TX",9680,"53","VII-A","NPS: Agriculture",,25978164,,,"","",""
56335,"48000000177",3610824,"TX",8560,"53","VII-A","NPS: Agriculture",,417355,,,"","",""
56399,"48000000241",3610924,"TX",8560,"53","VII-A","NPS: Agriculture",,3755636,,,"","",""
56503,"48000000391",3611147,"TX",9832,"53","VII-A","NPS: Agriculture",,16526704,,,"","",""
56507,"48000000396",3611152,"TX",9832,"53","VII-A","NPS: Agriculture",,4267480,,,"","",""
51580,"48000000125",3609650,"TX",18974,"101d","XII","Decentralized",,23406913,,,"","","Y"
56279,"48000000137",3610485,"TX",8560,"53","VII-A","NPS: Agriculture",,1371950,,,"","",""
46675,"48004354012",2808161,"TX",17717,"3","I","Documented",112715000,105337046,,,"N","",""
53044,"48000000291",3610993,"TX",19153,"3","IV-A","Documented",21450000,22767642,,,"Y","",""
56528,"48000000294",3610996,"TX",9680,"53","VII-A","NPS: Agriculture",,1351409,,,"","",""
56537,"48000000304",3611006,"TX",9680,"53","VII-A","NPS: Agriculture",,10428837,,,"","",""
56549,"48000000284",3610985,"TX",9680,"53","VII-A","NPS: Agriculture",,266659,,,"","",""
51921,"48000000432",3613893,"TX",18974,"101d","XII","Decentralized",,80697798,,,"","","Y"
52145,"48000000450",3613914,"TX",18974,"101d","XII","Decentralized",,43257773,,,"","","Y"
52142,"48000000446",3613910,"TX",18974,"101d","XII","Decentralized",,63277762,,,"","","Y"
52149,"48000000454",3613934,"TX",18974,"101d","XII","Decentralized",,18673095,,,"","","Y"
52152,"48000000457",3613937,"TX",18974,"101d","XII","Decentralized",,5067071,,,"","","Y"
52153,"48000000459",3613940,"TX",18974,"101d","XII","Decentralized",,37674612,,,"","","Y"
52158,"48000000465",3613947,"TX",18974,"101d","XII","Decentralized",,3096543,,,"","","Y"
52163,"48000000471",3613954,"TX",18974,"101d","XII","Decentralized",,3941055,,,"","","Y"
52187,"48000000485",3614045,"TX",18974,"101d","XII","Decentralized",,6099252,,,"","","Y"
52189,"48000000488",3614048,"TX",18974,"101d","XII","Decentralized",,2392784,,,"","","Y"
52201,"48000000494",3614054,"TX",18974,"101d","XII","Decentralized",,50529958,,,"","","Y"
52235,"48000000523",3614084,"TX",18974,"101d","XII","Decentralized",,147484171,,,"","","Y"
54455,"48000000547",3614329,"TX",18974,"101d","XII","Decentralized",,509405094,,,"","","Y"
12510,"48003073001",1183224,"TX",1517,"1","III-B","Documented",1100000,1127421,,,"Y","Aerated Lagoon",""
46245,"48000000419",3613244,"TX",5826,"1","I","Documented",15427980,16652509,,,"N","",""
46246,"48000000419",3613244,"TX",5826,"1","IV-A","Documented",4000000,4317483,,,"N","",""
49483,"48003043003",3514976,"TX",18384,"3","I","Documented",98185000,91455348,,,"N","",""
49484,"48003043003",3514976,"TX",18384,"3","IV-A","Documented",25815000,24045626,,,"N","",""
49496,"48002031001",1183125,"TX",16888,"12a","I","Documented",12241000,12606208,,,"N","",""
54641,"48000000410",3612351,"TX",19463,"20","I","Documented",200000,203297,,,"N","",""
56358,"48000000201",3610848,"TX",8560,"53","VII-A","NPS: Agriculture",,6154448,,,"","",""
56348,"48000000190",3610837,"TX",8560,"53","VII-A","NPS: Agriculture",,6492814,,,"","",""
56423,"48000000271",3610969,"TX",9680,"53","VII-A","NPS: Agriculture",,9572279,,,"","",""
56479,"48000000363",3611104,"TX",9832,"53","VII-A","NPS: Agriculture",,2979374,,,"","",""
56482,"48000000366",3611112,"TX",9832,"53","VII-A","NPS: Agriculture",,1783330,,,"","",""
56494,"48000000381",3611133,"TX",9832,"53","VII-A","NPS: Agriculture",,6564894,,,"","",""
56496,"48000000383",3611137,"TX",9832,"53","VII-A","NPS: Agriculture",,4451041,,,"","",""
50006,"48000000423",3613866,"TX",16888,"12a","X","Documented",35589000,36650792,,,"","",""
17805,"48002007001",1183110,"TX",5419,"1","III-A","Documented",7796000,7384672,,,"N","",""
51855,"48000000431",3613892,"TX",18974,"101d","XII","Decentralized",,8022862,,,"","","Y"
52513,"48000000535",3614100,"TX",18974,"101d","XII","Decentralized",,516091,,,"","","Y"
54449,"48000000545",3614327,"TX",18974,"101d","XII","Decentralized",,171273628,,,"","","Y"
54460,"48000000548",3614330,"TX",18974,"101d","XII","Decentralized",,98619051,,,"","","Y"
43662,"48000000403",3611315,"TX",5327,"1","IV-B","Documented",24103000,26016072,,,"N","",""
56373,"48004122001",1183431,"TX",17681,"3","II","Documented",81000000,75448217,,,"N","",""
56376,"48000000218",3610865,"TX",8560,"53","VII-A","NPS: Agriculture",,12212167,,,"","",""
56378,"48000000220",3610867,"TX",8560,"53","VII-A","NPS: Agriculture",,5900300,,,"","",""
56380,"48000000222",3610869,"TX",8560,"53","VII-A","NPS: Agriculture",,9026636,,,"","",""
56383,"48000000225",3610872,"TX",8560,"53","VII-A","NPS: Agriculture",,667395,,,"","",""
56387,"48000000229",3610876,"TX",8560,"53","VII-A","NPS: Agriculture",,780183,,,"","",""
56388,"48000000230",3610877,"TX",8560,"53","VII-A","NPS: Agriculture",,3935090,,,"","",""
56391,"48000000233",3610916,"TX",8560,"53","VII-A","NPS: Agriculture",,1889769,,,"","",""
56397,"48000000239",3610922,"TX",8560,"53","VII-A","NPS: Agriculture",,7130144,,,"","",""
56403,"48000000245",3610928,"TX",9680,"53","VII-A","NPS: Agriculture",,781677,,,"","",""
56414,"48000000262",3610959,"TX",9680,"53","VII-A","NPS: Agriculture",,1689962,,,"","",""
56424,"48000000272",3610970,"TX",9680,"53","VII-A","NPS: Agriculture",,14876330,,,"","",""
56428,"48000000275",3610973,"TX",9680,"53","VII-A","NPS: Agriculture",,877473,,,"","",""
56435,"48000000333",3611053,"TX",9680,"53","VII-A","NPS: Agriculture",,1381287,,,"","",""
56462,"48000000345",3611069,"TX",9680,"53","VII-A","NPS: Agriculture",,1767644,,,"","",""
56463,"48000000346",3611070,"TX",9832,"53","VII-A","NPS: Agriculture",,13644619,,,"","",""
56465,"48000000348",3611073,"TX",9832,"53","VII-A","NPS: Agriculture",,302699,,,"","",""
56466,"48000000349",3611074,"TX",9832,"53","VII-A","NPS: Agriculture",,651896,,,"","",""
56468,"48000000351",3611076,"TX",9832,"53","VII-A","NPS: Agriculture",,19051749,,,"","",""
56476,"48000000359",3611100,"TX",9832,"53","VII-A","NPS: Agriculture",,989141,,,"","",""
56483,"48000000367",3611113,"TX",9832,"53","VII-A","NPS: Agriculture",,6695796,,,"","",""
56484,"48000000369",3611116,"TX",9832,"53","VII-A","NPS: Agriculture",,24450663,,,"","",""
56485,"48000000370",3611117,"TX",9832,"53","VII-A","NPS: Agriculture",,5057187,,,"","",""
56490,"48000000375",3611123,"TX",9832,"53","VII-A","NPS: Agriculture",,1216959,,,"","",""
56499,"48000000387",3611143,"TX",9832,"53","VII-A","NPS: Agriculture",,22453894,,,"","",""
56504,"48000000392",3611148,"TX",9832,"53","VII-A","NPS: Agriculture",,17510430,,,"","",""
56505,"48000000393",3611149,"TX",9832,"53","VII-A","NPS: Agriculture",,4860740,,,"","",""
56509,"48000000398",3611154,"TX",9832,"53","VII-A","NPS: Agriculture",,2807951,,,"","",""
56512,"48000000312",3611014,"TX",9680,"53","VII-A","NPS: Agriculture",,10873829,,,"","",""
56516,"48000000316",3611020,"TX",9680,"53","VII-A","NPS: Agriculture",,1512189,,,"","",""
56518,"48000000318",3611022,"TX",9680,"53","VII-A","NPS: Agriculture",,388224,,,"","",""
56521,"48000000321",3611025,"TX",9680,"53","VII-A","NPS: Agriculture",,11677168,,,"","",""
56522,"48000000322",3611026,"TX",9680,"53","VII-A","NPS: Agriculture",,372912,,,"","",""
56525,"48000000325",3611029,"TX",9680,"53","VII-A","NPS: Agriculture",,6348654,,,"","",""
56526,"48000000326",3611030,"TX",9680,"53","VII-A","NPS: Agriculture",,1136476,,,"","",""
56530,"48000000296",3610998,"TX",9680,"53","VII-A","NPS: Agriculture",,804272,,,"","",""
56533,"48000000300",3611002,"TX",9680,"53","VII-A","NPS: Agriculture",,2429250,,,"","",""
56534,"48000000301",3611003,"TX",9680,"53","VII-A","NPS: Agriculture",,207651,,,"","",""
56539,"48000000306",3611008,"TX",9680,"53","VII-A","NPS: Agriculture",,4429940,,,"","",""
56543,"48000000310",3611012,"TX",9680,"53","VII-A","NPS: Agriculture",,411380,,,"","",""
56544,"48000000311",3611013,"TX",9680,"53","VII-A","NPS: Agriculture",,1779035,,,"","",""
56545,"48000000279",3610977,"TX",9680,"53","VII-A","NPS: Agriculture",,405964,,,"","",""
56548,"48000000283",3610984,"TX",9680,"53","VII-A","NPS: Agriculture",,2686946,,,"","",""
56547,"48000000282",3610983,"TX",9680,"53","VII-A","NPS: Agriculture",,5710016,,,"","",""
56552,"48000000286",3610987,"TX",9680,"53","VII-A","NPS: Agriculture",,24770915,,,"","",""
41093,"48004104001",1183410,"TX",1517,"1","IV-A","Documented",2886500,2958455,,,"N","",""
56074,"48004122011",3514356,"TX",17652,"3","II","Documented",104000000,96871785,,,"N","Other",""
56075,"48004122011",3514356,"TX",17652,"3","IV-B","Documented",104000000,96871785,,,"N","",""
56298,"48000000140",3610488,"TX",8560,"53","VII-A","NPS: Agriculture",,1561114,,,"","",""
56295,"48000000247",3610930,"TX",9680,"53","VII-A","NPS: Agriculture",,2656508,,,"","",""
56300,"48000000142",3610490,"TX",8560,"53","VII-A","NPS: Agriculture",,5109286,,,"","",""
56304,"48000000249",3610938,"TX",9680,"53","VII-A","NPS: Agriculture",,15619727,,,"","",""
56305,"48000000250",3610939,"TX",9680,"53","VII-A","NPS: Agriculture",,1431519,,,"","",""
56307,"48000000251",3610940,"TX",9680,"53","VII-A","NPS: Agriculture",,345275,,,"","",""
56313,"48000000148",3610496,"TX",8560,"53","VII-A","NPS: Agriculture",,11410882,,,"","",""
56322,"48000000155",3610503,"TX",8560,"53","VII-A","NPS: Agriculture",,3418391,,,"","",""
56324,"48000000158",3610509,"TX",8560,"53","VII-A","NPS: Agriculture",,252280,,,"","",""
56325,"48000000159",3610510,"TX",8560,"53","VII-A","NPS: Agriculture",,2709541,,,"","",""
56328,"48000000258",3610953,"TX",9680,"53","VII-A","NPS: Agriculture",,4000634,,,"","",""
56330,"48000000161",3610512,"TX",8560,"53","VII-A","NPS: Agriculture",,1098195,,,"","",""
56331,"48000000173",3610820,"TX",8560,"53","VII-A","NPS: Agriculture",,4885016,,,"","",""
56332,"48000000174",3610821,"TX",8560,"53","VII-A","NPS: Agriculture",,3564045,,,"","",""
56339,"48000000181",3610828,"TX",8560,"53","VII-A","NPS: Agriculture",,2917191,,,"","",""
56340,"48000000182",3610829,"TX",8560,"53","VII-A","NPS: Agriculture",,3984014,,,"","",""
56344,"48000000186",3610833,"TX",8560,"53","VII-A","NPS: Agriculture",,1317050,,,"","",""
56345,"48000000187",3610834,"TX",8560,"53","VII-A","NPS: Agriculture",,5582102,,,"","",""
56347,"48000000189",3610836,"TX",8560,"53","VII-A","NPS: Agriculture",,2603475,,,"","",""
56349,"48000000191",3610838,"TX",8560,"53","VII-A","NPS: Agriculture",,549191,,,"","",""
56350,"48000000192",3610839,"TX",8560,"53","VII-A","NPS: Agriculture",,7236397,,,"","",""
56356,"48000000199",3610846,"TX",8560,"53","VII-A","NPS: Agriculture",,17567384,,,"","",""
56363,"48000000206",3610853,"TX",8560,"53","VII-A","NPS: Agriculture",,2134393,,,"","",""
56361,"48000000204",3610851,"TX",8560,"53","VII-A","NPS: Agriculture",,3352473,,,"","",""
56364,"48000000207",3610854,"TX",8560,"53","VII-A","NPS: Agriculture",,9497211,,,"","",""
56367,"48000000210",3610857,"TX",8560,"53","VII-A","NPS: Agriculture",,896146,,,"","",""
56555,"48000000289",3610991,"TX",9680,"53","VII-A","NPS: Agriculture",,2877043,,,"","",""
27953,"48002062001",1183143,"TX",5327,"1","IV-B","Documented",712000,768512,,,"Y","",""
52154,"48000000460",3613941,"TX",18974,"101d","XII","Decentralized",,32701375,,,"","","Y"
52192,"48000000490",3614050,"TX",18974,"101d","XII","Decentralized",,116149847,,,"","","Y"
52212,"48001151003",2865700,"TX",18974,"101d","XII","Decentralized",,127092053,,,"","","Y"
52213,"48000000501",3614062,"TX",18974,"101d","XII","Decentralized",,14497453,,,"","","Y"
52216,"48000000503",3614064,"TX",18974,"101d","XII","Decentralized",,60288762,,,"","","Y"
52245,"48007781002",429612,"TX",18974,"101d","XII","Decentralized",,135544150,,,"","","Y"
52248,"48001196002",453629,"TX",18974,"101d","XII","Decentralized",,26695958,,,"","","Y"
50238,"48000003003",1182786,"TX",18678,"3","I","Documented",610000,568190,,,"N","",""
52141,"48000000445",3613909,"TX",18974,"101d","XII","Decentralized",,213051570,,,"","","Y"
52166,"48000000475",3613959,"TX",18974,"101d","XII","Decentralized",,1970528,,,"","","Y"
52215,"48001151005",432052,"TX",18974,"101d","XII","Decentralized",,13606024,,,"","","Y"
52211,"48000000500",3614061,"TX",18974,"101d","XII","Decentralized",,93835,,,"","","Y"
52220,"48000000507",3614068,"TX",18974,"101d","XII","Decentralized",,797595,,,"","","Y"
52227,"48000000513",3614074,"TX",18974,"101d","XII","Decentralized",,7553689,,,"","","Y"
52472,"48000000531",3614096,"TX",18974,"101d","XII","Decentralized",,16749485,,,"","","Y"
44966,"48001111001",1182915,"TX",16888,"12a","XIV","Documented",16845000,17347568,,,"","",""
44971,"48001216002",1182996,"TX",16888,"12a","I","Documented",4862000,5007057,,,"N","",""
44972,"48001216002",1182996,"TX",16888,"12a","X","Documented",10222000,10526972,,,"","",""
42560,"48000000163",3610517,"TX",1517,"1","IV-A","Documented",1927500,1975549,,,"N","",""
52467,"48000000529",3614094,"TX",18974,"101d","XII","Decentralized",,31809946,,,"","","Y"
28735,"48000000405",3611432,"TX",10590,"2","I","Documented",22045000,23817129,,,"N","",""
44977,"48000000106",3608999,"TX",16888,"12a","X","Documented",1496000,1540633,,,"","",""
44978,"48003058001",1183216,"TX",16888,"12a","X","Documented",26764000,27562500,,,"","",""
41003,"48000000164",3610518,"TX",1517,"1","VI-A","Documented",11245000,11525315,,,"","",""
41108,"48000000115",3609565,"TX",1517,"1","IV-B","Documented",12055000,12355507,,,"N","",""
50053,"48007048001",1183866,"TX",18621,"3","III-B","Documented",118103895,110373201,,,"Y","",""
42161,"48000000414",3612797,"TX",1517,"1","VI-A","Documented",1100000,1127421,,,"","",""
42167,"48003224001",1183290,"TX",5327,"1","III-A","Documented",1320500,1425309,,,"N","",""
41241,"48000120001",1227741,"TX",5826,"1","III-B","Documented",1092000,1178673,,,"Y","",""
52195,"48000000491",3614051,"TX",18974,"101d","XII","Decentralized",,8773540,,,"","","Y"
52210,"48000000499",3614060,"TX",18974,"101d","XII","Decentralized",,609925,,,"","","Y"
52239,"48000000525",3614086,"TX",18974,"101d","XII","Decentralized",,84075845,,,"","","Y"
52240,"48001176002",441461,"TX",18974,"101d","XII","Decentralized",,312549138,,,"","","Y"
52246,"48000897001",3543159,"TX",18974,"101d","XII","Decentralized",,14122115,,,"","","Y"
52247,"48001417002",459628,"TX",18974,"101d","XII","Decentralized",,25620667,,,"","","Y"
56308,"48000000145",3610493,"TX",8560,"53","VII-A","NPS: Agriculture",,2795066,,,"","",""
56314,"48000000254",3610946,"TX",9680,"53","VII-A","NPS: Agriculture",,20216422,,,"","",""
56333,"48000000175",3610822,"TX",8560,"53","VII-A","NPS: Agriculture",,3484682,,,"","",""
56334,"48000000176",3610823,"TX",8560,"53","VII-A","NPS: Agriculture",,15313480,,,"","",""
56375,"48000000217",3610864,"TX",8560,"53","VII-A","NPS: Agriculture",,7582979,,,"","",""
56377,"48000000219",3610866,"TX",8560,"53","VII-A","NPS: Agriculture",,5051958,,,"","",""
56382,"48000000224",3610871,"TX",8560,"53","VII-A","NPS: Agriculture",,9366309,,,"","",""
56390,"48000000232",3610879,"TX",8560,"53","VII-A","NPS: Agriculture",,12535407,,,"","",""
56398,"48000000240",3610923,"TX",8560,"53","VII-A","NPS: Agriculture",,26508121,,,"","",""
56460,"48000000343",3611067,"TX",9680,"53","VII-A","NPS: Agriculture",,484580,,,"","",""
56467,"48000000350",3611075,"TX",9832,"53","VII-A","NPS: Agriculture",,1222748,,,"","",""
56472,"48000000355",3611095,"TX",9832,"53","VII-A","NPS: Agriculture",,1109212,,,"","",""
56475,"48000000358",3611099,"TX",9832,"53","VII-A","NPS: Agriculture",,4474570,,,"","",""
56477,"48000000361",3611102,"TX",9832,"53","VII-A","NPS: Agriculture",,723042,,,"","",""
56506,"48000000395",3611151,"TX",9832,"53","VII-A","NPS: Agriculture",,6274146,,,"","",""
56514,"48000000314",3611016,"TX",9680,"53","VII-A","NPS: Agriculture",,4653837,,,"","",""
56517,"48000000317",3611021,"TX",9680,"53","VII-A","NPS: Agriculture",,4666722,,,"","",""
51823,"48000000428",3613888,"TX",18974,"101d","XII","Decentralized",,15670386,,,"","","Y"
51844,"48000000430",3613891,"TX",18974,"101d","XII","Decentralized",,55684772,,,"","","Y"
51929,"48001097700",3542462,"TX",18974,"101d","XII","Decentralized",,44571458,,,"","","Y"
51935,"48000000437",3613898,"TX",18974,"101d","XII","Decentralized",,609925,,,"","","Y"
35665,"48007632001",1184184,"TX",12305,"20","I","Documented",36033889,34189942,,,"N","",""
35666,"48007632001",1184184,"TX",12305,"20","III-B","Documented",37687917,35759329,,,"Y","",""
35681,"48007039066",1183842,"TX",12305,"20","I","Documented",36033889,34189942,,,"N","",""
35682,"48007039066",1183842,"TX",12305,"20","III-B","Documented",37687917,35759329,,,"Y","",""
35696,"48007039002",1183821,"TX",12305,"20","I","Documented",36033889,34189942,,,"N","",""
56294,"48000000246",3610929,"TX",9680,"53","VII-A","NPS: Agriculture",,2939226,,,"","",""
44959,"48000000418",3613135,"TX",16888,"12a","X","Documented",24367000,25093985,,,"","",""
44975,"48001027001",1182895,"TX",16888,"12a","X","Documented",3614000,3721823,,,"","",""
44976,"48000105001",1182799,"TX",16888,"12a","X","Documented",62742000,64613897,,,"","",""
44980,"48003006001",1183170,"TX",16888,"12a","I","Documented",120000,123580,,,"N","",""
41066,"48000000402",3611236,"TX",1517,"1","VI-A","Documented",1696950,1739252,,,"","",""
35686,"48007039022",1183831,"TX",12305,"20","I","Documented",36033889,34189942,,,"N","",""
35687,"48007039022",1183831,"TX",12305,"20","III-B","Documented",37687917,35759329,,,"Y","",""
35692,"48007039094",2885519,"TX",12305,"20","I","Documented",36033889,34189942,,,"N","",""
35693,"48007039094",2885519,"TX",12305,"20","III-B","Documented",37687917,35759329,,,"Y","",""
35700,"48007039026",1183835,"TX",12305,"20","I","Documented",36033889,34189942,,,"N","",""
35701,"48007039026",1183835,"TX",12305,"20","III-B","Documented",37687917,35759329,,,"Y","",""
35702,"48007039081",1183849,"TX",12305,"20","I","Documented",36033889,34189942,,,"N","",""
35703,"48007039081",1183849,"TX",12305,"20","III-B","Documented",37687917,35759329,,,"Y","",""
35714,"48000000407",3612156,"TX",12305,"20","I","Documented",36033889,34189942,,,"N","",""
35715,"48000000407",3612156,"TX",12305,"20","III-B","Documented",37687917,35759329,,,"Y","",""
35716,"48000000408",3612157,"TX",12305,"20","I","Documented",36033889,34189942,,,"N","",""
35717,"48000000408",3612157,"TX",12305,"20","III-B","Documented",37687917,35759329,,,"Y","",""
56374,"48000000216",3610863,"TX",8560,"53","VII-A","NPS: Agriculture",,17264311,,,"","",""
56327,"48000000257",3610949,"TX",9680,"53","VII-A","NPS: Agriculture",,3346497,,,"","",""
56329,"48000000160",3610511,"TX",8560,"53","VII-A","NPS: Agriculture",,4818351,,,"","",""
51953,"48000000441",3613902,"TX",18974,"101d","XII","Decentralized",,38988297,,,"","","Y"
35586,"48007039005",1183823,"TX",12305,"20","I","Documented",36033889,34189942,,,"N","",""
35587,"48007039005",1183823,"TX",12305,"20","III-B","Documented",37687917,35759329,,,"Y","",""
38251,"48003033005",1183199,"TX",5419,"1","X","Documented",3050000,2889078,,,"","",""
51923,"48000000434",3613895,"TX",18974,"101d","XII","Decentralized",,51374470,,,"","","Y"
44238,"48000000416",3613029,"TX",5419,"1","I","Documented",6250400,5920620,,,"N","",""
52146,"48000000451",3613916,"TX",18974,"101d","XII","Decentralized",,114947445,,,"","","Y"
52150,"48001333002",436916,"TX",18974,"101d","XII","Decentralized",,107534508,,,"","","Y"
52157,"48000000464",3613946,"TX",18974,"101d","XII","Decentralized",,1735941,,,"","","Y"
52190,"48000000489",3614049,"TX",18974,"101d","XII","Decentralized",,5311032,,,"","","Y"
56354,"48000000196",3610843,"TX",8560,"53","VII-A","NPS: Agriculture",,715012,,,"","",""
56362,"48000000205",3610852,"TX",8560,"53","VII-A","NPS: Agriculture",,9262297,,,"","",""
56384,"48000000226",3610873,"TX",8560,"53","VII-A","NPS: Agriculture",,3395049,,,"","",""
56389,"48000000231",3610878,"TX",8560,"53","VII-A","NPS: Agriculture",,2418419,,,"","",""
27916,"48003112001",1227824,"TX",5327,"1","I","Documented",6734171,7268667,,,"N","",""
35694,"48007039024",1183833,"TX",12305,"20","I","Documented",36033889,34189942,,,"N","",""
35695,"48007039024",1183833,"TX",12305,"20","III-B","Documented",37687917,35759329,,,"Y","",""
46854,"48000000421",3613307,"TX",16888,"12a","X","Documented",154580800,159192693,,,"","",""
51931,"48000000436",3613897,"TX",18974,"101d","XII","Decentralized",,284927462,,,"","","Y"
35658,"48007039018",1183829,"TX",12305,"20","I","Documented",36033889,34189942,,,"N","",""
35659,"48007039018",1183829,"TX",12305,"20","III-B","Documented",37687917,35759329,,,"Y","",""
37734,"48007039813",2885344,"TX",12285,"20","VI-A","Documented",963337000,914040555,,,"","",""
38216,"48003033500",3514842,"TX",13786,"20","VI-A","Documented",139427094,141725262,,,"","",""
44557,"48003224001",1183290,"TX",5327,"1","I","Documented",1320500,1425309,,,"N","",""
32842,"48007039001",1183820,"TX",11183,"20","I","Documented",63740000,67655453,,,"N","",""
44717,"48000000411",3612390,"TX",13485,"20","VII-K","Documented",1890000,1921153,,,"","",""
27913,"48001148001",1182951,"TX",5327,"1","I","Documented",5284000,5703395,,,"Y","",""
50190,"48000000425",3613876,"TX",16888,"12a","XIV","Documented",177944000,183252930,,,"","",""
56369,"48000000212",3610859,"TX",8560,"53","VII-A","NPS: Agriculture",,3352660,,,"","",""
35697,"48007039002",1183821,"TX",12305,"20","III-B","Documented",37687917,35759329,,,"Y","",""
35712,"48000000406",3612155,"TX",12305,"20","I","Documented",36033889,34189942,,,"N","",""
35713,"48000000406",3612155,"TX",12305,"20","III-B","Documented",37687917,35759329,,,"Y","",""
