"FACILITY_DOCUMENT_ID","DOCUMENT_ID","CWNS_ID","FACILITY_ID","STATE_CODE","DOCUMENT_TYPE_ID","DOCUMENT_TYPE","PUBLISHED_DATE","BASE_MONTH_COST_INFO","CERT_FLAG","SELF_CERT_FLAG","AGE_CERT"
6778,1517,"48005060001",1183612,"TX","1","CWSRF IUP/Project Priority List",01-SEP-21,01-SEP-21,"","",""
6776,1517,"48006047002",1183710,"TX","1","CWSRF IUP/Project Priority List",01-SEP-21,01-SEP-21,"","",""
12815,1517,"48003009001",1227803,"TX","1","CWSRF IUP/Project Priority List",01-SEP-21,01-SEP-21,"","",""
12779,1517,"48001162001",1182958,"TX","1","CWSRF IUP/Project Priority List",01-SEP-21,01-SEP-21,"","",""
8806,1517,"48006043002",1183706,"TX","1","CWSRF IUP/Project Priority List",01-SEP-21,01-SEP-21,"","",""
13958,1517,"48000115001",1227740,"TX","1","CWSRF IUP/Project Priority List",01-SEP-21,01-SEP-21,"","",""
6741,1517,"48007033001",1183814,"TX","1","CWSRF IUP/Project Priority List",01-SEP-21,01-SEP-21,"","",""
13279,1517,"48004223001",1183475,"TX","1","CWSRF IUP/Project Priority List",01-SEP-21,01-SEP-21,"","",""
8816,1517,"48005021001",1227872,"TX","1","CWSRF IUP/Project Priority List",01-SEP-21,01-SEP-21,"","",""
6752,1517,"48020780001",428136,"TX","1","CWSRF IUP/Project Priority List",01-SEP-21,01-SEP-21,"","",""
6749,1517,"48007033006",2881937,"TX","1","CWSRF IUP/Project Priority List",01-SEP-21,01-SEP-21,"","",""
12129,1517,"48005071001",1183620,"TX","1","CWSRF IUP/Project Priority List",01-SEP-21,01-SEP-21,"","",""
6548,1517,"48005025002",1183585,"TX","1","CWSRF IUP/Project Priority List",01-SEP-21,01-SEP-21,"","",""
6772,1517,"48006046001",1183708,"TX","1","CWSRF IUP/Project Priority List",01-SEP-21,01-SEP-21,"","",""
6775,1517,"48001139001",1182942,"TX","1","CWSRF IUP/Project Priority List",01-SEP-21,01-SEP-21,"","",""
7037,1517,"48001012001",1182883,"TX","1","CWSRF IUP/Project Priority List",01-SEP-21,01-SEP-21,"","",""
6793,1517,"48003073001",1183224,"TX","1","CWSRF IUP/Project Priority List",01-SEP-21,01-SEP-21,"","",""
13304,1517,"48001243001",1183021,"TX","1","CWSRF IUP/Project Priority List",01-SEP-21,01-SEP-21,"","",""
7058,1517,"48004065001",1183380,"TX","1","CWSRF IUP/Project Priority List",01-SEP-21,01-SEP-21,"","",""
13032,1517,"48001148001",1182951,"TX","1","CWSRF IUP/Project Priority List",01-SEP-21,01-SEP-21,"","",""
12133,1517,"48005020002",1227871,"TX","1","CWSRF IUP/Project Priority List",01-SEP-21,01-SEP-21,"","",""
1829,1517,"48002031001",1183125,"TX","1","CWSRF IUP/Project Priority List",01-SEP-21,01-SEP-21,"","",""
12322,1517,"48004104001",1183410,"TX","1","CWSRF IUP/Project Priority List",01-SEP-21,01-SEP-21,"","",""
6547,1517,"48006074001",1183728,"TX","1","CWSRF IUP/Project Priority List",01-SEP-21,01-SEP-21,"","",""
13029,1517,"48007826003",1184289,"TX","1","CWSRF IUP/Project Priority List",01-SEP-21,01-SEP-21,"","",""
7074,1517,"48000000103",3608783,"TX","1","CWSRF IUP/Project Priority List",01-SEP-21,01-SEP-21,"","",""
6613,1517,"48003001001",1183166,"TX","1","CWSRF IUP/Project Priority List",01-SEP-21,01-SEP-21,"","",""
6363,1517,"48001111001",1182915,"TX","1","CWSRF IUP/Project Priority List",01-SEP-21,01-SEP-21,"","",""
8819,1517,"48007465001",1184088,"TX","1","CWSRF IUP/Project Priority List",01-SEP-21,01-SEP-21,"","",""
6762,1517,"48005053001",1227878,"TX","1","CWSRF IUP/Project Priority List",01-SEP-21,01-SEP-21,"","",""
6802,1517,"48001114001",1227764,"TX","1","CWSRF IUP/Project Priority List",01-SEP-21,01-SEP-21,"","",""
6753,1517,"48003290001",1227830,"TX","1","CWSRF IUP/Project Priority List",01-SEP-21,01-SEP-21,"","",""
8872,1517,"48000000113",3609250,"TX","1","CWSRF IUP/Project Priority List",01-SEP-21,01-SEP-21,"","",""
6751,1517,"48004207001",1227852,"TX","1","CWSRF IUP/Project Priority List",01-SEP-21,01-SEP-21,"","",""
8163,1517,"48000000106",3608999,"TX","1","CWSRF IUP/Project Priority List",01-SEP-21,01-SEP-21,"","",""
6535,1517,"48002138001",1227800,"TX","1","CWSRF IUP/Project Priority List",01-SEP-21,01-SEP-21,"","",""
10340,1517,"48000000115",3609565,"TX","1","CWSRF IUP/Project Priority List",01-SEP-21,01-SEP-21,"","",""
14206,1517,"48000000171",3610608,"TX","1","CWSRF IUP/Project Priority List",01-SEP-21,01-SEP-21,"","",""
13384,1517,"48000000133",3610460,"TX","1","CWSRF IUP/Project Priority List",01-SEP-21,01-SEP-21,"","",""
12238,1517,"48003085001",1227818,"TX","1","CWSRF IUP/Project Priority List",01-SEP-21,01-SEP-21,"","",""
13266,1517,"48000240001",1227753,"TX","1","CWSRF IUP/Project Priority List",01-SEP-21,01-SEP-21,"","",""
6750,1517,"48007033009",413590,"TX","1","CWSRF IUP/Project Priority List",01-SEP-21,01-SEP-21,"","",""
12247,1517,"48005078001",1183627,"TX","1","CWSRF IUP/Project Priority List",01-SEP-21,01-SEP-21,"","",""
12803,1517,"48004057001",1183374,"TX","1","CWSRF IUP/Project Priority List",01-SEP-21,01-SEP-21,"","",""
13667,1517,"48000000164",3610518,"TX","1","CWSRF IUP/Project Priority List",01-SEP-21,01-SEP-21,"","",""
15687,1517,"48001046001",1182901,"TX","1","CWSRF IUP/Project Priority List",01-SEP-21,01-SEP-21,"","",""
12326,1517,"48003098001",1183245,"TX","1","CWSRF IUP/Project Priority List",01-SEP-21,01-SEP-21,"","",""
12335,1517,"48007815001",1184284,"TX","1","CWSRF IUP/Project Priority List",01-SEP-21,01-SEP-21,"","",""
12340,1517,"48004354501",3507298,"TX","1","CWSRF IUP/Project Priority List",01-SEP-21,01-SEP-21,"","",""
12768,1517,"48071241001",3150676,"TX","1","CWSRF IUP/Project Priority List",01-SEP-21,01-SEP-21,"","",""
13575,1517,"48001131004",3540036,"TX","1","CWSRF IUP/Project Priority List",01-SEP-21,01-SEP-21,"","",""
13661,1517,"48000000163",3610517,"TX","1","CWSRF IUP/Project Priority List",01-SEP-21,01-SEP-21,"","",""
13963,1517,"48000000170",3610571,"TX","1","CWSRF IUP/Project Priority List",01-SEP-21,01-SEP-21,"","",""
13940,1517,"48000000165",3610547,"TX","1","CWSRF IUP/Project Priority List",01-SEP-21,01-SEP-21,"","",""
14408,1517,"48000000172",3610632,"TX","1","CWSRF IUP/Project Priority List",01-SEP-21,01-SEP-21,"","",""
12820,1517,"48000000130",3610396,"TX","1","CWSRF IUP/Project Priority List",01-SEP-21,01-SEP-21,"","",""
13000,1517,"48003032001",1183195,"TX","1","CWSRF IUP/Project Priority List",01-SEP-21,01-SEP-21,"","",""
15686,1517,"48000000121",3609620,"TX","1","CWSRF IUP/Project Priority List",01-SEP-21,01-SEP-21,"","",""
13377,1517,"48009075001",1184498,"TX","1","CWSRF IUP/Project Priority List",01-SEP-21,01-SEP-21,"","",""
13365,1517,"48001238001",1183017,"TX","1","CWSRF IUP/Project Priority List",01-SEP-21,01-SEP-21,"","",""
13249,1517,"48001028001",1182896,"TX","1","CWSRF IUP/Project Priority List",01-SEP-21,01-SEP-21,"","",""
13320,1517,"48000000132",3610453,"TX","1","CWSRF IUP/Project Priority List",01-SEP-21,01-SEP-21,"","",""
16777,1517,"48005075002",1183625,"TX","1","CWSRF IUP/Project Priority List",01-SEP-21,01-SEP-21,"","",""
17224,1517,"48000000402",3611236,"TX","1","CWSRF IUP/Project Priority List",01-SEP-21,01-SEP-21,"","",""
27037,1517,"48000000412",3612700,"TX","1","CWSRF IUP/Project Priority List",01-SEP-21,01-SEP-21,"","",""
13310,1517,"48009508001",1184510,"TX","1","CWSRF IUP/Project Priority List",01-SEP-21,01-SEP-21,"","",""
9734,1517,"48003033005",1183199,"TX","1","CWSRF IUP/Project Priority List",01-SEP-21,01-SEP-21,"","",""
28113,1517,"48000000414",3612797,"TX","1","CWSRF IUP/Project Priority List",01-SEP-21,01-SEP-21,"","",""
13254,1517,"48007180001",1183984,"TX","1","CWSRF IUP/Project Priority List",01-SEP-21,01-SEP-21,"","",""
6544,1517,"48000000102",3608723,"TX","1","CWSRF IUP/Project Priority List",01-SEP-21,01-SEP-21,"","",""
14204,1517,"48004085001",2878621,"TX","1","CWSRF IUP/Project Priority List",01-SEP-21,01-SEP-21,"","",""
10786,5419,"48006022001",417949,"TX","1","CWSRF IUP/Project Priority List",12-SEP-22,01-SEP-22,"","",""
10527,5419,"48009045001",1184491,"TX","1","CWSRF IUP/Project Priority List",12-SEP-22,01-SEP-22,"","",""
7435,5419,"48003069001",1183223,"TX","1","CWSRF IUP/Project Priority List",12-SEP-22,01-SEP-22,"","",""
8889,5419,"48003084001",1183235,"TX","1","CWSRF IUP/Project Priority List",12-SEP-22,01-SEP-22,"","",""
7416,5419,"48005060001",1183612,"TX","1","CWSRF IUP/Project Priority List",12-SEP-22,01-SEP-22,"","",""
8914,5419,"48002008001",1183111,"TX","1","CWSRF IUP/Project Priority List",12-SEP-22,01-SEP-22,"","",""
9498,5419,"48001125001",1182927,"TX","1","CWSRF IUP/Project Priority List",12-SEP-22,01-SEP-22,"","",""
9697,5419,"48003033002",1183197,"TX","1","CWSRF IUP/Project Priority List",12-SEP-22,01-SEP-22,"","",""
12207,5419,"48008045001",1184392,"TX","1","CWSRF IUP/Project Priority List",12-SEP-22,01-SEP-22,"","",""
10370,5419,"48009002001",1184466,"TX","1","CWSRF IUP/Project Priority List",12-SEP-22,01-SEP-22,"","",""
10378,5419,"48001127001",1182930,"TX","1","CWSRF IUP/Project Priority List",12-SEP-22,01-SEP-22,"","",""
14331,5419,"48002025002",453323,"TX","1","CWSRF IUP/Project Priority List",12-SEP-22,01-SEP-22,"","",""
12183,5419,"48003114001",1183259,"TX","1","CWSRF IUP/Project Priority List",12-SEP-22,01-SEP-22,"","",""
8863,5419,"48001007004",1182877,"TX","1","CWSRF IUP/Project Priority List",12-SEP-22,01-SEP-22,"","",""
9380,5419,"48001125002",1182928,"TX","1","CWSRF IUP/Project Priority List",12-SEP-22,01-SEP-22,"","",""
10743,5419,"48001106001",1182911,"TX","1","CWSRF IUP/Project Priority List",12-SEP-22,01-SEP-22,"","",""
10744,5419,"48007305001",1184059,"TX","1","CWSRF IUP/Project Priority List",12-SEP-22,01-SEP-22,"","",""
12186,5419,"48001246001",1183023,"TX","1","CWSRF IUP/Project Priority List",12-SEP-22,01-SEP-22,"","",""
9390,5419,"48005049001",1183605,"TX","1","CWSRF IUP/Project Priority List",12-SEP-22,01-SEP-22,"","",""
10124,5419,"48001131003",1182937,"TX","1","CWSRF IUP/Project Priority List",12-SEP-22,01-SEP-22,"","",""
10377,5419,"48009029001",1184484,"TX","1","CWSRF IUP/Project Priority List",12-SEP-22,01-SEP-22,"","",""
10686,5419,"48001104003",1182908,"TX","1","CWSRF IUP/Project Priority List",12-SEP-22,01-SEP-22,"","",""
10711,5419,"48001118001",1182919,"TX","1","CWSRF IUP/Project Priority List",12-SEP-22,01-SEP-22,"","",""
10657,5419,"48005071001",1183620,"TX","1","CWSRF IUP/Project Priority List",12-SEP-22,01-SEP-22,"","",""
9366,5419,"48001125005",3515818,"TX","1","CWSRF IUP/Project Priority List",12-SEP-22,01-SEP-22,"","",""
10189,5419,"48002028001",1183123,"TX","1","CWSRF IUP/Project Priority List",12-SEP-22,01-SEP-22,"","",""
10114,5419,"48008138001",1184445,"TX","1","CWSRF IUP/Project Priority List",12-SEP-22,01-SEP-22,"","",""
10778,5419,"48003026001",1183188,"TX","1","CWSRF IUP/Project Priority List",12-SEP-22,01-SEP-22,"","",""
10514,5419,"48004145001",1183454,"TX","1","CWSRF IUP/Project Priority List",12-SEP-22,01-SEP-22,"","",""
12142,5419,"48001684001",3150468,"TX","1","CWSRF IUP/Project Priority List",12-SEP-22,01-SEP-22,"","",""
12181,5419,"48007488001",1184098,"TX","1","CWSRF IUP/Project Priority List",12-SEP-22,01-SEP-22,"","",""
10742,5419,"48004217001",1183470,"TX","1","CWSRF IUP/Project Priority List",12-SEP-22,01-SEP-22,"","",""
10654,5419,"48001130001",1182933,"TX","1","CWSRF IUP/Project Priority List",12-SEP-22,01-SEP-22,"","",""
12144,5419,"48001151001",1182954,"TX","1","CWSRF IUP/Project Priority List",12-SEP-22,01-SEP-22,"","",""
10661,5419,"48004094001",1227847,"TX","1","CWSRF IUP/Project Priority List",12-SEP-22,01-SEP-22,"","",""
12173,5419,"48001107003",412991,"TX","1","CWSRF IUP/Project Priority List",12-SEP-22,01-SEP-22,"","",""
10271,5419,"48005020002",1227871,"TX","1","CWSRF IUP/Project Priority List",12-SEP-22,01-SEP-22,"","",""
8773,5419,"48002031001",1183125,"TX","1","CWSRF IUP/Project Priority List",12-SEP-22,01-SEP-22,"","",""
12187,5419,"48004044001",1183363,"TX","1","CWSRF IUP/Project Priority List",12-SEP-22,01-SEP-22,"","",""
13816,5419,"48008028001",1184372,"TX","1","CWSRF IUP/Project Priority List",12-SEP-22,01-SEP-22,"","",""
10118,5419,"48006049001",1183712,"TX","1","CWSRF IUP/Project Priority List",12-SEP-22,01-SEP-22,"","",""
8840,5419,"48000000112",3609242,"TX","1","CWSRF IUP/Project Priority List",12-SEP-22,01-SEP-22,"","",""
10115,5419,"48004261001",1227861,"TX","1","CWSRF IUP/Project Priority List",12-SEP-22,01-SEP-22,"","",""
9508,5419,"48000000108",3609159,"TX","1","CWSRF IUP/Project Priority List",12-SEP-22,01-SEP-22,"","",""
7425,5419,"48003001001",1183166,"TX","1","CWSRF IUP/Project Priority List",12-SEP-22,01-SEP-22,"","",""
8062,5419,"48001111001",1182915,"TX","1","CWSRF IUP/Project Priority List",12-SEP-22,01-SEP-22,"","",""
10101,5419,"48004213001",1183466,"TX","1","CWSRF IUP/Project Priority List",12-SEP-22,01-SEP-22,"","",""
10398,5419,"48004323001",1183510,"TX","1","CWSRF IUP/Project Priority List",12-SEP-22,01-SEP-22,"","",""
8966,5419,"48004052001",1183370,"TX","1","CWSRF IUP/Project Priority List",12-SEP-22,01-SEP-22,"","",""
8809,5419,"48008069001",1184411,"TX","1","CWSRF IUP/Project Priority List",12-SEP-22,01-SEP-22,"","",""
8786,5419,"48000000109",3609163,"TX","1","CWSRF IUP/Project Priority List",12-SEP-22,01-SEP-22,"","",""
10406,5419,"48001117001",1182918,"TX","1","CWSRF IUP/Project Priority List",12-SEP-22,01-SEP-22,"","",""
10641,5419,"48007423001",1227920,"TX","1","CWSRF IUP/Project Priority List",12-SEP-22,01-SEP-22,"","",""
10485,5419,"48000000119",3609588,"TX","1","CWSRF IUP/Project Priority List",12-SEP-22,01-SEP-22,"","",""
10490,5419,"48004110002",421101,"TX","1","CWSRF IUP/Project Priority List",12-SEP-22,01-SEP-22,"","",""
10504,5419,"48009039001",1184488,"TX","1","CWSRF IUP/Project Priority List",12-SEP-22,01-SEP-22,"","",""
10412,5419,"48000000117",3609574,"TX","1","CWSRF IUP/Project Priority List",12-SEP-22,01-SEP-22,"","",""
10416,5419,"48005081001",1183631,"TX","1","CWSRF IUP/Project Priority List",12-SEP-22,01-SEP-22,"","",""
10520,5419,"48003070001",1227812,"TX","1","CWSRF IUP/Project Priority List",12-SEP-22,01-SEP-22,"","",""
10346,5419,"48000000116",3609567,"TX","1","CWSRF IUP/Project Priority List",12-SEP-22,01-SEP-22,"","",""
10365,5419,"48009051001",1184492,"TX","1","CWSRF IUP/Project Priority List",12-SEP-22,01-SEP-22,"","",""
10371,5419,"48004096001",1183404,"TX","1","CWSRF IUP/Project Priority List",12-SEP-22,01-SEP-22,"","",""
10528,5419,"48000000120",3609590,"TX","1","CWSRF IUP/Project Priority List",12-SEP-22,01-SEP-22,"","",""
10644,5419,"48001112001",1182916,"TX","1","CWSRF IUP/Project Priority List",12-SEP-22,01-SEP-22,"","",""
13961,5419,"48000000167",3610568,"TX","1","CWSRF IUP/Project Priority List",12-SEP-22,01-SEP-22,"","",""
10190,5419,"48006029001",1183700,"TX","1","CWSRF IUP/Project Priority List",12-SEP-22,01-SEP-22,"","",""
12757,5419,"48001217001",1227773,"TX","1","CWSRF IUP/Project Priority List",12-SEP-22,01-SEP-22,"","",""
10758,5419,"48001120001",1182922,"TX","1","CWSRF IUP/Project Priority List",12-SEP-22,01-SEP-22,"","",""
10718,5419,"48002001001",1183105,"TX","1","CWSRF IUP/Project Priority List",12-SEP-22,01-SEP-22,"","",""
7553,5419,"48001027001",1182895,"TX","1","CWSRF IUP/Project Priority List",12-SEP-22,01-SEP-22,"","",""
10709,5419,"48009024001",1184483,"TX","1","CWSRF IUP/Project Priority List",12-SEP-22,01-SEP-22,"","",""
10102,5419,"48004026001",1183343,"TX","1","CWSRF IUP/Project Priority List",12-SEP-22,01-SEP-22,"","",""
10206,5419,"48004026002",1183344,"TX","1","CWSRF IUP/Project Priority List",12-SEP-22,01-SEP-22,"","",""
10696,5419,"48000000122",3609622,"TX","1","CWSRF IUP/Project Priority List",12-SEP-22,01-SEP-22,"","",""
12225,5419,"48001166002",1182961,"TX","1","CWSRF IUP/Project Priority List",12-SEP-22,01-SEP-22,"","",""
10747,5419,"48003098001",1183245,"TX","1","CWSRF IUP/Project Priority List",12-SEP-22,01-SEP-22,"","",""
10173,5419,"48001044001",3268716,"TX","1","CWSRF IUP/Project Priority List",12-SEP-22,01-SEP-22,"","",""
12185,5419,"48001124001",1182926,"TX","1","CWSRF IUP/Project Priority List",12-SEP-22,01-SEP-22,"","",""
10690,5419,"48007028001",1183808,"TX","1","CWSRF IUP/Project Priority List",12-SEP-22,01-SEP-22,"","",""
10717,5419,"48000000124",3609625,"TX","1","CWSRF IUP/Project Priority List",12-SEP-22,01-SEP-22,"","",""
13910,5419,"48001151006",3516498,"TX","1","CWSRF IUP/Project Priority List",12-SEP-22,01-SEP-22,"","",""
13962,5419,"48000000168",3610569,"TX","1","CWSRF IUP/Project Priority List",12-SEP-22,01-SEP-22,"","",""
8733,5419,"48000000111",3609229,"TX","1","CWSRF IUP/Project Priority List",12-SEP-22,01-SEP-22,"","",""
10662,5419,"48004142001",1183452,"TX","1","CWSRF IUP/Project Priority List",12-SEP-22,01-SEP-22,"","",""
10684,5419,"48000005007",1227738,"TX","1","CWSRF IUP/Project Priority List",12-SEP-22,01-SEP-22,"","",""
10707,5419,"48000000123",3609624,"TX","1","CWSRF IUP/Project Priority List",12-SEP-22,01-SEP-22,"","",""
12149,5419,"48000000127",3610296,"TX","1","CWSRF IUP/Project Priority List",12-SEP-22,01-SEP-22,"","",""
12182,5419,"48004226001",1183477,"TX","1","CWSRF IUP/Project Priority List",12-SEP-22,01-SEP-22,"","",""
10687,5419,"48007646001",1184193,"TX","1","CWSRF IUP/Project Priority List",12-SEP-22,01-SEP-22,"","",""
10754,5419,"48009163001",1227954,"TX","1","CWSRF IUP/Project Priority List",12-SEP-22,01-SEP-22,"","",""
10702,5419,"48005075002",1183625,"TX","1","CWSRF IUP/Project Priority List",12-SEP-22,01-SEP-22,"","",""
13654,5419,"48000000162",3610515,"TX","1","CWSRF IUP/Project Priority List",12-SEP-22,01-SEP-22,"","",""
10210,5419,"48004083001",1183393,"TX","1","CWSRF IUP/Project Priority List",12-SEP-22,01-SEP-22,"","",""
9671,5419,"48003033004",2902595,"TX","1","CWSRF IUP/Project Priority List",12-SEP-22,01-SEP-22,"","",""
9694,5419,"48003033016",3514807,"TX","1","CWSRF IUP/Project Priority List",12-SEP-22,01-SEP-22,"","",""
9659,5419,"48003033500",3514842,"TX","1","CWSRF IUP/Project Priority List",12-SEP-22,01-SEP-22,"","",""
10703,5419,"48005076001",1227882,"TX","1","CWSRF IUP/Project Priority List",12-SEP-22,01-SEP-22,"","",""
13576,5419,"48001135001",1182939,"TX","1","CWSRF IUP/Project Priority List",12-SEP-22,01-SEP-22,"","",""
12145,5419,"48001257001",1183030,"TX","1","CWSRF IUP/Project Priority List",12-SEP-22,01-SEP-22,"","",""
24170,5419,"48003033005",1183199,"TX","1","CWSRF IUP/Project Priority List",12-SEP-22,01-SEP-22,"","",""
10282,5419,"48002068001",1183147,"TX","1","CWSRF IUP/Project Priority List",12-SEP-22,01-SEP-22,"","",""
10223,5419,"48006035001",1183702,"TX","1","CWSRF IUP/Project Priority List",12-SEP-22,01-SEP-22,"","",""
30248,5419,"48000000416",3613029,"TX","1","CWSRF IUP/Project Priority List",12-SEP-22,01-SEP-22,"","",""
10372,5419,"48009003001",1184467,"TX","1","CWSRF IUP/Project Priority List",12-SEP-22,01-SEP-22,"","",""
12184,5419,"48001296001",1183045,"TX","1","CWSRF IUP/Project Priority List",12-SEP-22,01-SEP-22,"","",""
10343,5419,"48007410001",1184064,"TX","1","CWSRF IUP/Project Priority List",12-SEP-22,01-SEP-22,"","",""
12178,5419,"48001130002",1182934,"TX","1","CWSRF IUP/Project Priority List",12-SEP-22,01-SEP-22,"","",""
12160,5419,"48003035005",3536257,"TX","1","CWSRF IUP/Project Priority List",12-SEP-22,01-SEP-22,"","",""
14168,5419,"48001109001",1182914,"TX","1","CWSRF IUP/Project Priority List",12-SEP-22,01-SEP-22,"","",""
12179,5419,"48003267001",1183304,"TX","1","CWSRF IUP/Project Priority List",12-SEP-22,01-SEP-22,"","",""
10164,5419,"48004098001",1183405,"TX","1","CWSRF IUP/Project Priority List",12-SEP-22,01-SEP-22,"","",""
13798,5419,"48008028004",1184374,"TX","1","CWSRF IUP/Project Priority List",12-SEP-22,01-SEP-22,"","",""
12206,5419,"48008045003",3049348,"TX","1","CWSRF IUP/Project Priority List",12-SEP-22,01-SEP-22,"","",""
12171,5419,"48001053001",1182903,"TX","1","CWSRF IUP/Project Priority List",12-SEP-22,01-SEP-22,"","",""
12180,5419,"48001123001",1182925,"TX","1","CWSRF IUP/Project Priority List",12-SEP-22,01-SEP-22,"","",""
10418,5419,"48002007001",1183110,"TX","1","CWSRF IUP/Project Priority List",12-SEP-22,01-SEP-22,"","",""
10425,7137,"48000000118",3609575,"TX","3","CWSRF Loan Pre-applications/Final Applications",01-MAR-22,01-MAR-22,"","",""
9384,6517,"48004372001",1183540,"TX","1","CWSRF IUP/Project Priority List",18-OCT-17,01-OCT-17,"","",""
17345,5826,"48000120001",1227741,"TX","1","CWSRF IUP/Project Priority List",16-DEC-20,01-DEC-20,"","",""
32230,5826,"48000000419",3613244,"TX","1","CWSRF IUP/Project Priority List",16-DEC-20,01-DEC-20,"","",""
37319,6049,"48001176002",441461,"TX","101b","State-Specific Approach (submitted as alternate)",22-SEP-22,01-JAN-22,"","",""
37294,6049,"48003200002",432079,"TX","101b","State-Specific Approach (submitted as alternate)",22-SEP-22,01-JAN-22,"","",""
37328,6049,"48007781002",429612,"TX","101b","State-Specific Approach (submitted as alternate)",22-SEP-22,01-JAN-22,"","",""
37324,6049,"48001057001",3515316,"TX","101b","State-Specific Approach (submitted as alternate)",22-SEP-22,01-JAN-22,"","",""
37321,6049,"48002079002",435410,"TX","101b","State-Specific Approach (submitted as alternate)",22-SEP-22,01-JAN-22,"","",""
37182,6049,"48001333002",436916,"TX","101b","State-Specific Approach (submitted as alternate)",22-SEP-22,01-JAN-22,"","",""
37332,6049,"48001417002",459628,"TX","101b","State-Specific Approach (submitted as alternate)",22-SEP-22,01-JAN-22,"","",""
35828,6049,"48000000125",3609650,"TX","101b","State-Specific Approach (submitted as alternate)",22-SEP-22,01-JAN-22,"","",""
36948,6049,"48000000431",3613892,"TX","101b","State-Specific Approach (submitted as alternate)",22-SEP-22,01-JAN-22,"","",""
37216,6049,"48000000476",3613960,"TX","101b","State-Specific Approach (submitted as alternate)",22-SEP-22,01-JAN-22,"","",""
37002,6049,"48000000436",3613897,"TX","101b","State-Specific Approach (submitted as alternate)",22-SEP-22,01-JAN-22,"","",""
37006,6049,"48000000437",3613898,"TX","101b","State-Specific Approach (submitted as alternate)",22-SEP-22,01-JAN-22,"","",""
37239,6049,"48001549001",430568,"TX","101b","State-Specific Approach (submitted as alternate)",22-SEP-22,01-JAN-22,"","",""
37296,6049,"48001097001",3542800,"TX","101b","State-Specific Approach (submitted as alternate)",22-SEP-22,01-JAN-22,"","",""
36929,6049,"48000000428",3613888,"TX","101b","State-Specific Approach (submitted as alternate)",22-SEP-22,01-JAN-22,"","",""
36936,6049,"48000000429",3613890,"TX","101b","State-Specific Approach (submitted as alternate)",22-SEP-22,01-JAN-22,"","",""
36987,6049,"48000000432",3613893,"TX","101b","State-Specific Approach (submitted as alternate)",22-SEP-22,01-JAN-22,"","",""
37160,6049,"48000000443",3613905,"TX","101b","State-Specific Approach (submitted as alternate)",22-SEP-22,01-JAN-22,"","",""
37202,6049,"48000000468",3613950,"TX","101b","State-Specific Approach (submitted as alternate)",22-SEP-22,01-JAN-22,"","",""
37206,6049,"48000000470",3613952,"TX","101b","State-Specific Approach (submitted as alternate)",22-SEP-22,01-JAN-22,"","",""
37208,6049,"48000000471",3613954,"TX","101b","State-Specific Approach (submitted as alternate)",22-SEP-22,01-JAN-22,"","",""
37224,6049,"48000000480",3613964,"TX","101b","State-Specific Approach (submitted as alternate)",22-SEP-22,01-JAN-22,"","",""
36941,6049,"48000000430",3613891,"TX","101b","State-Specific Approach (submitted as alternate)",22-SEP-22,01-JAN-22,"","",""
36991,6049,"48000000434",3613895,"TX","101b","State-Specific Approach (submitted as alternate)",22-SEP-22,01-JAN-22,"","",""
37016,6049,"48000000438",3613899,"TX","101b","State-Specific Approach (submitted as alternate)",22-SEP-22,01-JAN-22,"","",""
37172,6049,"48000000450",3613914,"TX","101b","State-Specific Approach (submitted as alternate)",22-SEP-22,01-JAN-22,"","",""
37180,6049,"48000000454",3613934,"TX","101b","State-Specific Approach (submitted as alternate)",22-SEP-22,01-JAN-22,"","",""
37188,6049,"48000000459",3613940,"TX","101b","State-Specific Approach (submitted as alternate)",22-SEP-22,01-JAN-22,"","",""
37196,6049,"48000000464",3613946,"TX","101b","State-Specific Approach (submitted as alternate)",22-SEP-22,01-JAN-22,"","",""
37200,6049,"48000000466",3613948,"TX","101b","State-Specific Approach (submitted as alternate)",22-SEP-22,01-JAN-22,"","",""
37204,6049,"48000000469",3613951,"TX","101b","State-Specific Approach (submitted as alternate)",22-SEP-22,01-JAN-22,"","",""
37222,6049,"48000000479",3613963,"TX","101b","State-Specific Approach (submitted as alternate)",22-SEP-22,01-JAN-22,"","",""
37162,6049,"48000000444",3613907,"TX","101b","State-Specific Approach (submitted as alternate)",22-SEP-22,01-JAN-22,"","",""
37228,6049,"48000000483",3613967,"TX","101b","State-Specific Approach (submitted as alternate)",22-SEP-22,01-JAN-22,"","",""
37259,6049,"48000000496",3614056,"TX","101b","State-Specific Approach (submitted as alternate)",22-SEP-22,01-JAN-22,"","",""
37266,6049,"48000000499",3614060,"TX","101b","State-Specific Approach (submitted as alternate)",22-SEP-22,01-JAN-22,"","",""
37276,6049,"48001151005",432052,"TX","101b","State-Specific Approach (submitted as alternate)",22-SEP-22,01-JAN-22,"","",""
37284,6049,"48000000506",3614067,"TX","101b","State-Specific Approach (submitted as alternate)",22-SEP-22,01-JAN-22,"","",""
37286,6049,"48000000507",3614068,"TX","101b","State-Specific Approach (submitted as alternate)",22-SEP-22,01-JAN-22,"","",""
37288,6049,"48000000509",3614070,"TX","101b","State-Specific Approach (submitted as alternate)",22-SEP-22,01-JAN-22,"","",""
37292,6049,"48000000512",3614073,"TX","101b","State-Specific Approach (submitted as alternate)",22-SEP-22,01-JAN-22,"","",""
37298,6049,"48000000513",3614074,"TX","101b","State-Specific Approach (submitted as alternate)",22-SEP-22,01-JAN-22,"","",""
37300,6049,"48000000515",3614076,"TX","101b","State-Specific Approach (submitted as alternate)",22-SEP-22,01-JAN-22,"","",""
37304,6049,"48000000518",3614079,"TX","101b","State-Specific Approach (submitted as alternate)",22-SEP-22,01-JAN-22,"","",""
37310,6049,"48000000521",3614082,"TX","101b","State-Specific Approach (submitted as alternate)",22-SEP-22,01-JAN-22,"","",""
36998,6049,"48001097700",3542462,"TX","101b","State-Specific Approach (submitted as alternate)",22-SEP-22,01-JAN-22,"","",""
37194,6049,"48000000463",3613945,"TX","101b","State-Specific Approach (submitted as alternate)",22-SEP-22,01-JAN-22,"","",""
37246,6049,"48000000490",3614050,"TX","101b","State-Specific Approach (submitted as alternate)",22-SEP-22,01-JAN-22,"","",""
37253,6049,"48000000493",3614053,"TX","101b","State-Specific Approach (submitted as alternate)",22-SEP-22,01-JAN-22,"","",""
37278,6049,"48000000503",3614064,"TX","101b","State-Specific Approach (submitted as alternate)",22-SEP-22,01-JAN-22,"","",""
37280,6049,"48000000504",3614065,"TX","101b","State-Specific Approach (submitted as alternate)",22-SEP-22,01-JAN-22,"","",""
37282,6049,"48000000505",3614066,"TX","101b","State-Specific Approach (submitted as alternate)",22-SEP-22,01-JAN-22,"","",""
37317,6049,"48000000525",3614086,"TX","101b","State-Specific Approach (submitted as alternate)",22-SEP-22,01-JAN-22,"","",""
37230,6049,"48000000484",3614043,"TX","101b","State-Specific Approach (submitted as alternate)",22-SEP-22,01-JAN-22,"","",""
37255,6049,"48000000494",3614054,"TX","101b","State-Specific Approach (submitted as alternate)",22-SEP-22,01-JAN-22,"","",""
37306,6049,"48000000519",3614080,"TX","101b","State-Specific Approach (submitted as alternate)",22-SEP-22,01-JAN-22,"","",""
37312,6049,"48000000522",3614083,"TX","101b","State-Specific Approach (submitted as alternate)",22-SEP-22,01-JAN-22,"","",""
37314,6049,"48000000523",3614084,"TX","101b","State-Specific Approach (submitted as alternate)",22-SEP-22,01-JAN-22,"","",""
37479,6049,"48000000537",3614125,"TX","101b","State-Specific Approach (submitted as alternate)",22-SEP-22,01-JAN-22,"","",""
37411,6049,"48000000526",3614090,"TX","101b","State-Specific Approach (submitted as alternate)",22-SEP-22,01-JAN-22,"","",""
37447,6049,"48000000530",3614095,"TX","101b","State-Specific Approach (submitted as alternate)",22-SEP-22,01-JAN-22,"","",""
37452,6049,"48000000533",3614098,"TX","101b","State-Specific Approach (submitted as alternate)",22-SEP-22,01-JAN-22,"","",""
37465,6049,"48000000534",3614099,"TX","101b","State-Specific Approach (submitted as alternate)",22-SEP-22,01-JAN-22,"","",""
37210,6049,"48000000472",3613955,"TX","101b","State-Specific Approach (submitted as alternate)",22-SEP-22,01-JAN-22,"","",""
37268,6049,"48000000500",3614061,"TX","101b","State-Specific Approach (submitted as alternate)",22-SEP-22,01-JAN-22,"","",""
37274,6049,"48000000502",3614063,"TX","101b","State-Specific Approach (submitted as alternate)",22-SEP-22,01-JAN-22,"","",""
37302,6049,"48000000517",3614078,"TX","101b","State-Specific Approach (submitted as alternate)",22-SEP-22,01-JAN-22,"","",""
37166,6049,"48000000446",3613910,"TX","101b","State-Specific Approach (submitted as alternate)",22-SEP-22,01-JAN-22,"","",""
37417,6049,"48000000527",3614091,"TX","101b","State-Specific Approach (submitted as alternate)",22-SEP-22,01-JAN-22,"","",""
37421,6049,"48000000528",3614092,"TX","101b","State-Specific Approach (submitted as alternate)",22-SEP-22,01-JAN-22,"","",""
37468,6049,"48000000535",3614100,"TX","101b","State-Specific Approach (submitted as alternate)",22-SEP-22,01-JAN-22,"","",""
36996,6049,"48000000435",3613896,"TX","101b","State-Specific Approach (submitted as alternate)",22-SEP-22,01-JAN-22,"","",""
37019,6049,"48000000439",3613900,"TX","101b","State-Specific Approach (submitted as alternate)",22-SEP-22,01-JAN-22,"","",""
37164,6049,"48000000445",3613909,"TX","101b","State-Specific Approach (submitted as alternate)",22-SEP-22,01-JAN-22,"","",""
37174,6049,"48000000451",3613916,"TX","101b","State-Specific Approach (submitted as alternate)",22-SEP-22,01-JAN-22,"","",""
37158,6049,"48000000442",3613904,"TX","101b","State-Specific Approach (submitted as alternate)",22-SEP-22,01-JAN-22,"","",""
37214,6049,"48000000475",3613959,"TX","101b","State-Specific Approach (submitted as alternate)",22-SEP-22,01-JAN-22,"","",""
37330,6049,"48000897001",3543159,"TX","101b","State-Specific Approach (submitted as alternate)",22-SEP-22,01-JAN-22,"","",""
37178,6049,"48000000453",3613932,"TX","101b","State-Specific Approach (submitted as alternate)",22-SEP-22,01-JAN-22,"","",""
37186,6049,"48000000457",3613937,"TX","101b","State-Specific Approach (submitted as alternate)",22-SEP-22,01-JAN-22,"","",""
37170,6049,"48000000449",3613913,"TX","101b","State-Specific Approach (submitted as alternate)",22-SEP-22,01-JAN-22,"","",""
37326,6049,"48002036003",3340002,"TX","101b","State-Specific Approach (submitted as alternate)",22-SEP-22,01-JAN-22,"","",""
37198,6049,"48000000465",3613947,"TX","101b","State-Specific Approach (submitted as alternate)",22-SEP-22,01-JAN-22,"","",""
37212,6049,"48000000473",3613957,"TX","101b","State-Specific Approach (submitted as alternate)",22-SEP-22,01-JAN-22,"","",""
37220,6049,"48000000478",3613962,"TX","101b","State-Specific Approach (submitted as alternate)",22-SEP-22,01-JAN-22,"","",""
37226,6049,"48000000481",3613965,"TX","101b","State-Specific Approach (submitted as alternate)",22-SEP-22,01-JAN-22,"","",""
37190,6049,"48000000460",3613941,"TX","101b","State-Specific Approach (submitted as alternate)",22-SEP-22,01-JAN-22,"","",""
37241,6049,"48000000488",3614048,"TX","101b","State-Specific Approach (submitted as alternate)",22-SEP-22,01-JAN-22,"","",""
37270,6049,"48001151003",2865700,"TX","101b","State-Specific Approach (submitted as alternate)",22-SEP-22,01-JAN-22,"","",""
37290,6049,"48000000511",3614072,"TX","101b","State-Specific Approach (submitted as alternate)",22-SEP-22,01-JAN-22,"","",""
37176,6049,"48000000452",3613931,"TX","101b","State-Specific Approach (submitted as alternate)",22-SEP-22,01-JAN-22,"","",""
37237,6049,"48000000485",3614045,"TX","101b","State-Specific Approach (submitted as alternate)",22-SEP-22,01-JAN-22,"","",""
37248,6049,"48000000491",3614051,"TX","101b","State-Specific Approach (submitted as alternate)",22-SEP-22,01-JAN-22,"","",""
37250,6049,"48000000492",3614052,"TX","101b","State-Specific Approach (submitted as alternate)",22-SEP-22,01-JAN-22,"","",""
37028,6049,"48000000441",3613902,"TX","101b","State-Specific Approach (submitted as alternate)",22-SEP-22,01-JAN-22,"","",""
37272,6049,"48000000501",3614062,"TX","101b","State-Specific Approach (submitted as alternate)",22-SEP-22,01-JAN-22,"","",""
37473,6049,"48000000536",3614111,"TX","101b","State-Specific Approach (submitted as alternate)",22-SEP-22,01-JAN-22,"","",""
37184,6049,"48000000455",3613935,"TX","101b","State-Specific Approach (submitted as alternate)",22-SEP-22,01-JAN-22,"","",""
37192,6049,"48000000462",3613944,"TX","101b","State-Specific Approach (submitted as alternate)",22-SEP-22,01-JAN-22,"","",""
37262,6049,"48000000497",3614057,"TX","101b","State-Specific Approach (submitted as alternate)",22-SEP-22,01-JAN-22,"","",""
37264,6049,"48000000498",3614059,"TX","101b","State-Specific Approach (submitted as alternate)",22-SEP-22,01-JAN-22,"","",""
37308,6049,"48000000520",3614081,"TX","101b","State-Specific Approach (submitted as alternate)",22-SEP-22,01-JAN-22,"","",""
37444,6049,"48000000529",3614094,"TX","101b","State-Specific Approach (submitted as alternate)",22-SEP-22,01-JAN-22,"","",""
37449,6049,"48000000531",3614096,"TX","101b","State-Specific Approach (submitted as alternate)",22-SEP-22,01-JAN-22,"","",""
37257,6049,"48000000495",3614055,"TX","101b","State-Specific Approach (submitted as alternate)",22-SEP-22,01-JAN-22,"","",""
37025,6049,"48000000440",3613901,"TX","101b","State-Specific Approach (submitted as alternate)",22-SEP-22,01-JAN-22,"","",""
37218,6049,"48000000477",3613961,"TX","101b","State-Specific Approach (submitted as alternate)",22-SEP-22,01-JAN-22,"","",""
37243,6049,"48000000489",3614049,"TX","101b","State-Specific Approach (submitted as alternate)",22-SEP-22,01-JAN-22,"","",""
37334,6049,"48001196002",453629,"TX","101b","State-Specific Approach (submitted as alternate)",22-SEP-22,01-JAN-22,"","",""
38648,6049,"48000000542",3614322,"TX","101b","State-Specific Approach (submitted as alternate)",22-SEP-22,01-JAN-22,"","",""
38644,6049,"48000000541",3614321,"TX","101b","State-Specific Approach (submitted as alternate)",22-SEP-22,01-JAN-22,"","",""
38657,6049,"48000000544",3614326,"TX","101b","State-Specific Approach (submitted as alternate)",22-SEP-22,01-JAN-22,"","",""
38677,6049,"48000000548",3614330,"TX","101b","State-Specific Approach (submitted as alternate)",22-SEP-22,01-JAN-22,"","",""
37168,6049,"48000000447",3613911,"TX","101b","State-Specific Approach (submitted as alternate)",22-SEP-22,01-JAN-22,"","",""
38665,6049,"48000000546",3614328,"TX","101b","State-Specific Approach (submitted as alternate)",22-SEP-22,01-JAN-22,"","",""
38663,6049,"48000000545",3614327,"TX","101b","State-Specific Approach (submitted as alternate)",22-SEP-22,01-JAN-22,"","",""
38651,6049,"48000000543",3614324,"TX","101b","State-Specific Approach (submitted as alternate)",22-SEP-22,01-JAN-22,"","",""
38672,6049,"48000000547",3614329,"TX","101b","State-Specific Approach (submitted as alternate)",22-SEP-22,01-JAN-22,"","",""
21429,12285,"48007039813",2885344,"TX","20","CIP or Master Plan",30-JUN-22,01-JUN-22,"","",""
13582,8560,"48000000142",3610490,"TX","53","Census of Agriculture",19-APR-19,01-APR-19,"","",""
13604,8560,"48000000150",3610498,"TX","53","Census of Agriculture",19-APR-19,01-APR-19,"","",""
13632,8560,"48000000160",3610511,"TX","53","Census of Agriculture",19-APR-19,01-APR-19,"","",""
13611,8560,"48000000155",3610503,"TX","53","Census of Agriculture",19-APR-19,01-APR-19,"","",""
13579,8560,"48000000139",3610487,"TX","53","Census of Agriculture",19-APR-19,01-APR-19,"","",""
16015,8560,"48000000173",3610820,"TX","53","Census of Agriculture",19-APR-19,01-APR-19,"","",""
16025,8560,"48000000183",3610830,"TX","53","Census of Agriculture",19-APR-19,01-APR-19,"","",""
16028,8560,"48000000186",3610833,"TX","53","Census of Agriculture",19-APR-19,01-APR-19,"","",""
16041,8560,"48000000200",3610847,"TX","53","Census of Agriculture",19-APR-19,01-APR-19,"","",""
16045,8560,"48000000203",3610850,"TX","53","Census of Agriculture",19-APR-19,01-APR-19,"","",""
16074,8560,"48000000232",3610879,"TX","53","Census of Agriculture",19-APR-19,01-APR-19,"","",""
13602,8560,"48000000149",3610497,"TX","53","Census of Agriculture",19-APR-19,01-APR-19,"","",""
16053,8560,"48000000211",3610858,"TX","53","Census of Agriculture",19-APR-19,01-APR-19,"","",""
16058,8560,"48000000216",3610863,"TX","53","Census of Agriculture",19-APR-19,01-APR-19,"","",""
16060,8560,"48000000218",3610865,"TX","53","Census of Agriculture",19-APR-19,01-APR-19,"","",""
16063,8560,"48000000221",3610868,"TX","53","Census of Agriculture",19-APR-19,01-APR-19,"","",""
16064,8560,"48000000222",3610869,"TX","53","Census of Agriculture",19-APR-19,01-APR-19,"","",""
16073,8560,"48000000231",3610878,"TX","53","Census of Agriculture",19-APR-19,01-APR-19,"","",""
16234,8560,"48000000244",3610927,"TX","53","Census of Agriculture",19-APR-19,01-APR-19,"","",""
13578,8560,"48000000138",3610486,"TX","53","Census of Agriculture",19-APR-19,01-APR-19,"","",""
13606,8560,"48000000152",3610500,"TX","53","Census of Agriculture",19-APR-19,01-APR-19,"","",""
13612,8560,"48000000157",3610505,"TX","53","Census of Agriculture",19-APR-19,01-APR-19,"","",""
16016,8560,"48000000174",3610821,"TX","53","Census of Agriculture",19-APR-19,01-APR-19,"","",""
16017,8560,"48000000175",3610822,"TX","53","Census of Agriculture",19-APR-19,01-APR-19,"","",""
16022,8560,"48000000180",3610827,"TX","53","Census of Agriculture",19-APR-19,01-APR-19,"","",""
16033,8560,"48000000191",3610838,"TX","53","Census of Agriculture",19-APR-19,01-APR-19,"","",""
16034,8560,"48000000192",3610839,"TX","53","Census of Agriculture",19-APR-19,01-APR-19,"","",""
16035,8560,"48000000193",3610840,"TX","53","Census of Agriculture",19-APR-19,01-APR-19,"","",""
16036,8560,"48000000194",3610841,"TX","53","Census of Agriculture",19-APR-19,01-APR-19,"","",""
16039,8560,"48000000198",3610845,"TX","53","Census of Agriculture",19-APR-19,01-APR-19,"","",""
16043,8560,"48000000201",3610848,"TX","53","Census of Agriculture",19-APR-19,01-APR-19,"","",""
16044,8560,"48000000202",3610849,"TX","53","Census of Agriculture",19-APR-19,01-APR-19,"","",""
16050,8560,"48000000208",3610855,"TX","53","Census of Agriculture",19-APR-19,01-APR-19,"","",""
16055,8560,"48000000213",3610860,"TX","53","Census of Agriculture",19-APR-19,01-APR-19,"","",""
16057,8560,"48000000215",3610862,"TX","53","Census of Agriculture",19-APR-19,01-APR-19,"","",""
16059,8560,"48000000217",3610864,"TX","53","Census of Agriculture",19-APR-19,01-APR-19,"","",""
16061,8560,"48000000219",3610866,"TX","53","Census of Agriculture",19-APR-19,01-APR-19,"","",""
16062,8560,"48000000220",3610867,"TX","53","Census of Agriculture",19-APR-19,01-APR-19,"","",""
16065,8560,"48000000223",3610870,"TX","53","Census of Agriculture",19-APR-19,01-APR-19,"","",""
16066,8560,"48000000224",3610871,"TX","53","Census of Agriculture",19-APR-19,01-APR-19,"","",""
16070,8560,"48000000228",3610875,"TX","53","Census of Agriculture",19-APR-19,01-APR-19,"","",""
13633,8560,"48000000161",3610512,"TX","53","Census of Agriculture",19-APR-19,01-APR-19,"","",""
16225,8560,"48000000236",3610919,"TX","53","Census of Agriculture",19-APR-19,01-APR-19,"","",""
16226,8560,"48000000237",3610920,"TX","53","Census of Agriculture",19-APR-19,01-APR-19,"","",""
16233,8560,"48000000243",3610926,"TX","53","Census of Agriculture",19-APR-19,01-APR-19,"","",""
16031,8560,"48000000189",3610836,"TX","53","Census of Agriculture",19-APR-19,01-APR-19,"","",""
13574,8560,"48000000136",3610484,"TX","53","Census of Agriculture",19-APR-19,01-APR-19,"","",""
16032,8560,"48000000190",3610837,"TX","53","Census of Agriculture",19-APR-19,01-APR-19,"","",""
16047,8560,"48000000205",3610852,"TX","53","Census of Agriculture",19-APR-19,01-APR-19,"","",""
16067,8560,"48000000225",3610872,"TX","53","Census of Agriculture",19-APR-19,01-APR-19,"","",""
16018,8560,"48000000176",3610823,"TX","53","Census of Agriculture",19-APR-19,01-APR-19,"","",""
16230,8560,"48000000240",3610923,"TX","53","Census of Agriculture",19-APR-19,01-APR-19,"","",""
13599,8560,"48000000147",3610495,"TX","53","Census of Agriculture",19-APR-19,01-APR-19,"","",""
16019,8560,"48000000177",3610824,"TX","53","Census of Agriculture",19-APR-19,01-APR-19,"","",""
16021,8560,"48000000179",3610826,"TX","53","Census of Agriculture",19-APR-19,01-APR-19,"","",""
16023,8560,"48000000181",3610828,"TX","53","Census of Agriculture",19-APR-19,01-APR-19,"","",""
16024,8560,"48000000182",3610829,"TX","53","Census of Agriculture",19-APR-19,01-APR-19,"","",""
16026,8560,"48000000184",3610831,"TX","53","Census of Agriculture",19-APR-19,01-APR-19,"","",""
16029,8560,"48000000187",3610834,"TX","53","Census of Agriculture",19-APR-19,01-APR-19,"","",""
16030,8560,"48000000188",3610835,"TX","53","Census of Agriculture",19-APR-19,01-APR-19,"","",""
16038,8560,"48000000196",3610843,"TX","53","Census of Agriculture",19-APR-19,01-APR-19,"","",""
16049,8560,"48000000207",3610854,"TX","53","Census of Agriculture",19-APR-19,01-APR-19,"","",""
16052,8560,"48000000210",3610857,"TX","53","Census of Agriculture",19-APR-19,01-APR-19,"","",""
16054,8560,"48000000212",3610859,"TX","53","Census of Agriculture",19-APR-19,01-APR-19,"","",""
16056,8560,"48000000214",3610861,"TX","53","Census of Agriculture",19-APR-19,01-APR-19,"","",""
16068,8560,"48000000226",3610873,"TX","53","Census of Agriculture",19-APR-19,01-APR-19,"","",""
16046,8560,"48000000204",3610851,"TX","53","Census of Agriculture",19-APR-19,01-APR-19,"","",""
16048,8560,"48000000206",3610853,"TX","53","Census of Agriculture",19-APR-19,01-APR-19,"","",""
16051,8560,"48000000209",3610856,"TX","53","Census of Agriculture",19-APR-19,01-APR-19,"","",""
16069,8560,"48000000227",3610874,"TX","53","Census of Agriculture",19-APR-19,01-APR-19,"","",""
16228,8560,"48000000238",3610921,"TX","53","Census of Agriculture",19-APR-19,01-APR-19,"","",""
13630,8560,"48000000159",3610510,"TX","53","Census of Agriculture",19-APR-19,01-APR-19,"","",""
16071,8560,"48000000229",3610876,"TX","53","Census of Agriculture",19-APR-19,01-APR-19,"","",""
16072,8560,"48000000230",3610877,"TX","53","Census of Agriculture",19-APR-19,01-APR-19,"","",""
16222,8560,"48000000233",3610916,"TX","53","Census of Agriculture",19-APR-19,01-APR-19,"","",""
16229,8560,"48000000239",3610922,"TX","53","Census of Agriculture",19-APR-19,01-APR-19,"","",""
16232,8560,"48000000242",3610925,"TX","53","Census of Agriculture",19-APR-19,01-APR-19,"","",""
16223,8560,"48000000234",3610917,"TX","53","Census of Agriculture",19-APR-19,01-APR-19,"","",""
16231,8560,"48000000241",3610924,"TX","53","Census of Agriculture",19-APR-19,01-APR-19,"","",""
16224,8560,"48000000235",3610918,"TX","53","Census of Agriculture",19-APR-19,01-APR-19,"","",""
13594,8560,"48000000143",3610491,"TX","53","Census of Agriculture",19-APR-19,01-APR-19,"","",""
13598,8560,"48000000146",3610494,"TX","53","Census of Agriculture",19-APR-19,01-APR-19,"","",""
13605,8560,"48000000151",3610499,"TX","53","Census of Agriculture",19-APR-19,01-APR-19,"","",""
13520,8560,"48000000134",3610478,"TX","53","Census of Agriculture",19-APR-19,01-APR-19,"","",""
13580,8560,"48000000140",3610488,"TX","53","Census of Agriculture",19-APR-19,01-APR-19,"","",""
16020,8560,"48000000178",3610825,"TX","53","Census of Agriculture",19-APR-19,01-APR-19,"","",""
16027,8560,"48000000185",3610832,"TX","53","Census of Agriculture",19-APR-19,01-APR-19,"","",""
16040,8560,"48000000199",3610846,"TX","53","Census of Agriculture",19-APR-19,01-APR-19,"","",""
13629,8560,"48000000158",3610509,"TX","53","Census of Agriculture",19-APR-19,01-APR-19,"","",""
13595,8560,"48000000144",3610492,"TX","53","Census of Agriculture",19-APR-19,01-APR-19,"","",""
13596,8560,"48000000145",3610493,"TX","53","Census of Agriculture",19-APR-19,01-APR-19,"","",""
13600,8560,"48000000148",3610496,"TX","53","Census of Agriculture",19-APR-19,01-APR-19,"","",""
13608,8560,"48000000153",3610501,"TX","53","Census of Agriculture",19-APR-19,01-APR-19,"","",""
13577,8560,"48000000137",3610485,"TX","53","Census of Agriculture",19-APR-19,01-APR-19,"","",""
13581,8560,"48000000141",3610489,"TX","53","Census of Agriculture",19-APR-19,01-APR-19,"","",""
13610,8560,"48000000154",3610502,"TX","53","Census of Agriculture",19-APR-19,01-APR-19,"","",""
16037,8560,"48000000195",3610842,"TX","53","Census of Agriculture",19-APR-19,01-APR-19,"","",""
8707,6130,"48005015002",1183577,"TX","3","CWSRF Loan Pre-applications/Final Applications",20-OCT-20,01-SEP-20,"","",""
9509,6612,"48004021001",1183337,"TX","1","CWSRF IUP/Project Priority List",14-AUG-19,01-AUG-19,"","",""
9507,6612,"48001218002",1182998,"TX","1","CWSRF IUP/Project Priority List",14-AUG-19,01-AUG-19,"","",""
13429,8526,"48004076001",1183387,"TX","3","CWSRF Loan Pre-applications/Final Applications",06-JAN-21,01-JAN-21,"","",""
17942,5327,"48002062001",1183143,"TX","1","CWSRF IUP/Project Priority List",21-DEC-20,01-DEC-20,"","",""
17831,5327,"48006066002",1183724,"TX","1","CWSRF IUP/Project Priority List",21-DEC-20,01-DEC-20,"","",""
18155,5327,"48004075001",1183386,"TX","1","CWSRF IUP/Project Priority List",21-DEC-20,01-DEC-20,"","",""
17916,5327,"48002019001",1183118,"TX","1","CWSRF IUP/Project Priority List",21-DEC-20,01-DEC-20,"","",""
7227,5327,"48005025001",1183584,"TX","1","CWSRF IUP/Project Priority List",21-DEC-20,01-DEC-20,"","",""
7414,5327,"48005025002",1183585,"TX","1","CWSRF IUP/Project Priority List",21-DEC-20,01-DEC-20,"","",""
17878,5327,"48001225001",1183006,"TX","1","CWSRF IUP/Project Priority List",21-DEC-20,01-DEC-20,"","",""
17228,5327,"48004354017",3534356,"TX","1","CWSRF IUP/Project Priority List",21-DEC-20,01-DEC-20,"","",""
17584,5327,"48008058001",1227940,"TX","1","CWSRF IUP/Project Priority List",21-DEC-20,01-DEC-20,"","",""
17922,5327,"48001148001",1182951,"TX","1","CWSRF IUP/Project Priority List",21-DEC-20,01-DEC-20,"","",""
17839,5327,"48003224001",1183290,"TX","1","CWSRF IUP/Project Priority List",21-DEC-20,01-DEC-20,"","",""
7613,5327,"48000000104",3608872,"TX","1","CWSRF IUP/Project Priority List",21-DEC-20,01-DEC-20,"","",""
17223,5327,"48009024001",1184483,"TX","1","CWSRF IUP/Project Priority List",21-DEC-20,01-DEC-20,"","",""
13426,5327,"48004089001",1183398,"TX","1","CWSRF IUP/Project Priority List",21-DEC-20,01-DEC-20,"","",""
17650,5327,"48000000404",3611321,"TX","1","CWSRF IUP/Project Priority List",21-DEC-20,01-DEC-20,"","",""
17580,5327,"48001204001",1182983,"TX","1","CWSRF IUP/Project Priority List",21-DEC-20,01-DEC-20,"","",""
17620,5327,"48000000403",3611315,"TX","1","CWSRF IUP/Project Priority List",21-DEC-20,01-DEC-20,"","",""
17348,5327,"48002016001",1183115,"TX","1","CWSRF IUP/Project Priority List",21-DEC-20,01-DEC-20,"","",""
17576,5327,"48002040001",1227786,"TX","1","CWSRF IUP/Project Priority List",21-DEC-20,01-DEC-20,"","",""
17587,5327,"48008150001",1184447,"TX","1","CWSRF IUP/Project Priority List",21-DEC-20,01-DEC-20,"","",""
17895,5327,"48006009007",1183681,"TX","1","CWSRF IUP/Project Priority List",21-DEC-20,01-DEC-20,"","",""
18002,5327,"48002065001",1183145,"TX","1","CWSRF IUP/Project Priority List",21-DEC-20,01-DEC-20,"","",""
17591,5327,"48007424001",1184069,"TX","1","CWSRF IUP/Project Priority List",21-DEC-20,01-DEC-20,"","",""
18004,5327,"48004086001",1183395,"TX","1","CWSRF IUP/Project Priority List",21-DEC-20,01-DEC-20,"","",""
17928,5327,"48003112001",1227824,"TX","1","CWSRF IUP/Project Priority List",21-DEC-20,01-DEC-20,"","",""
17243,5327,"48004354004",1227865,"TX","1","CWSRF IUP/Project Priority List",21-DEC-20,01-DEC-20,"","",""
17887,5327,"48007012002",1183782,"TX","1","CWSRF IUP/Project Priority List",21-DEC-20,01-DEC-20,"","",""
18144,10590,"48000000405",3611432,"TX","2","Non-CWSRF Governmental Loan and Grant Applications",25-NOV-20,01-NOV-20,"","",""
16287,9680,"48000000250",3610939,"TX","53","Census of Agriculture",19-APR-19,01-APR-19,"","",""
16295,9680,"48000000252",3610944,"TX","53","Census of Agriculture",19-APR-19,01-APR-19,"","",""
16296,9680,"48000000253",3610945,"TX","53","Census of Agriculture",19-APR-19,01-APR-19,"","",""
16299,9680,"48000000255",3610947,"TX","53","Census of Agriculture",19-APR-19,01-APR-19,"","",""
16300,9680,"48000000256",3610948,"TX","53","Census of Agriculture",19-APR-19,01-APR-19,"","",""
16301,9680,"48000000257",3610949,"TX","53","Census of Agriculture",19-APR-19,01-APR-19,"","",""
16330,9680,"48000000274",3610972,"TX","53","Census of Agriculture",19-APR-19,01-APR-19,"","",""
16338,9680,"48000000277",3610975,"TX","53","Census of Agriculture",19-APR-19,01-APR-19,"","",""
16362,9680,"48000000285",3610986,"TX","53","Census of Agriculture",19-APR-19,01-APR-19,"","",""
16367,9680,"48000000288",3610990,"TX","53","Census of Agriculture",19-APR-19,01-APR-19,"","",""
16383,9680,"48000000300",3611002,"TX","53","Census of Agriculture",19-APR-19,01-APR-19,"","",""
16394,9680,"48000000307",3611009,"TX","53","Census of Agriculture",19-APR-19,01-APR-19,"","",""
16399,9680,"48000000310",3611012,"TX","53","Census of Agriculture",19-APR-19,01-APR-19,"","",""
16400,9680,"48000000311",3611013,"TX","53","Census of Agriculture",19-APR-19,01-APR-19,"","",""
16414,9680,"48000000315",3611019,"TX","53","Census of Agriculture",19-APR-19,01-APR-19,"","",""
16419,9680,"48000000318",3611022,"TX","53","Census of Agriculture",19-APR-19,01-APR-19,"","",""
16426,9680,"48000000324",3611028,"TX","53","Census of Agriculture",19-APR-19,01-APR-19,"","",""
16428,9680,"48000000325",3611029,"TX","53","Census of Agriculture",19-APR-19,01-APR-19,"","",""
16502,9680,"48000000332",3611046,"TX","53","Census of Agriculture",19-APR-19,01-APR-19,"","",""
16237,9680,"48000000245",3610928,"TX","53","Census of Agriculture",19-APR-19,01-APR-19,"","",""
16239,9680,"48000000247",3610930,"TX","53","Census of Agriculture",19-APR-19,01-APR-19,"","",""
16290,9680,"48000000251",3610940,"TX","53","Census of Agriculture",19-APR-19,01-APR-19,"","",""
16302,9680,"48000000258",3610953,"TX","53","Census of Agriculture",19-APR-19,01-APR-19,"","",""
16304,9680,"48000000260",3610956,"TX","53","Census of Agriculture",19-APR-19,01-APR-19,"","",""
16309,9680,"48000000263",3610961,"TX","53","Census of Agriculture",19-APR-19,01-APR-19,"","",""
16320,9680,"48000000268",3610966,"TX","53","Census of Agriculture",19-APR-19,01-APR-19,"","",""
16332,9680,"48000000275",3610973,"TX","53","Census of Agriculture",19-APR-19,01-APR-19,"","",""
16339,9680,"48000000278",3610976,"TX","53","Census of Agriculture",19-APR-19,01-APR-19,"","",""
16342,9680,"48000000281",3610979,"TX","53","Census of Agriculture",19-APR-19,01-APR-19,"","",""
16366,9680,"48000000287",3610989,"TX","53","Census of Agriculture",19-APR-19,01-APR-19,"","",""
16381,9680,"48000000298",3611000,"TX","53","Census of Agriculture",19-APR-19,01-APR-19,"","",""
16384,9680,"48000000301",3611003,"TX","53","Census of Agriculture",19-APR-19,01-APR-19,"","",""
16425,9680,"48000000323",3611027,"TX","53","Census of Agriculture",19-APR-19,01-APR-19,"","",""
16429,9680,"48000000326",3611030,"TX","53","Census of Agriculture",19-APR-19,01-APR-19,"","",""
16527,9680,"48000000335",3611055,"TX","53","Census of Agriculture",19-APR-19,01-APR-19,"","",""
16568,9680,"48000000342",3611066,"TX","53","Census of Agriculture",19-APR-19,01-APR-19,"","",""
16569,9680,"48000000343",3611067,"TX","53","Census of Agriculture",19-APR-19,01-APR-19,"","",""
16310,9680,"48000000264",3610962,"TX","53","Census of Agriculture",19-APR-19,01-APR-19,"","",""
16314,9680,"48000000265",3610963,"TX","53","Census of Agriculture",19-APR-19,01-APR-19,"","",""
16318,9680,"48000000267",3610965,"TX","53","Census of Agriculture",19-APR-19,01-APR-19,"","",""
16341,9680,"48000000279",3610977,"TX","53","Census of Agriculture",19-APR-19,01-APR-19,"","",""
16368,9680,"48000000289",3610991,"TX","53","Census of Agriculture",19-APR-19,01-APR-19,"","",""
16374,9680,"48000000294",3610996,"TX","53","Census of Agriculture",19-APR-19,01-APR-19,"","",""
16380,9680,"48000000296",3610998,"TX","53","Census of Agriculture",19-APR-19,01-APR-19,"","",""
16389,9680,"48000000304",3611006,"TX","53","Census of Agriculture",19-APR-19,01-APR-19,"","",""
16307,9680,"48000000261",3610958,"TX","53","Census of Agriculture",19-APR-19,01-APR-19,"","",""
16308,9680,"48000000262",3610959,"TX","53","Census of Agriculture",19-APR-19,01-APR-19,"","",""
16323,9680,"48000000270",3610968,"TX","53","Census of Agriculture",19-APR-19,01-APR-19,"","",""
16329,9680,"48000000273",3610971,"TX","53","Census of Agriculture",19-APR-19,01-APR-19,"","",""
16360,9680,"48000000283",3610984,"TX","53","Census of Agriculture",19-APR-19,01-APR-19,"","",""
16372,9680,"48000000293",3610995,"TX","53","Census of Agriculture",19-APR-19,01-APR-19,"","",""
16385,9680,"48000000302",3611004,"TX","53","Census of Agriculture",19-APR-19,01-APR-19,"","",""
16388,9680,"48000000303",3611005,"TX","53","Census of Agriculture",19-APR-19,01-APR-19,"","",""
16390,9680,"48000000305",3611007,"TX","53","Census of Agriculture",19-APR-19,01-APR-19,"","",""
16393,9680,"48000000306",3611008,"TX","53","Census of Agriculture",19-APR-19,01-APR-19,"","",""
16395,9680,"48000000308",3611010,"TX","53","Census of Agriculture",19-APR-19,01-APR-19,"","",""
16398,9680,"48000000309",3611011,"TX","53","Census of Agriculture",19-APR-19,01-APR-19,"","",""
16402,9680,"48000000312",3611014,"TX","53","Census of Agriculture",19-APR-19,01-APR-19,"","",""
16403,9680,"48000000313",3611015,"TX","53","Census of Agriculture",19-APR-19,01-APR-19,"","",""
16406,9680,"48000000314",3611016,"TX","53","Census of Agriculture",19-APR-19,01-APR-19,"","",""
16240,9680,"48000000248",3610931,"TX","53","Census of Agriculture",19-APR-19,01-APR-19,"","",""
16284,9680,"48000000249",3610938,"TX","53","Census of Agriculture",19-APR-19,01-APR-19,"","",""
16297,9680,"48000000254",3610946,"TX","53","Census of Agriculture",19-APR-19,01-APR-19,"","",""
16416,9680,"48000000316",3611020,"TX","53","Census of Agriculture",19-APR-19,01-APR-19,"","",""
16417,9680,"48000000317",3611021,"TX","53","Census of Agriculture",19-APR-19,01-APR-19,"","",""
16420,9680,"48000000319",3611023,"TX","53","Census of Agriculture",19-APR-19,01-APR-19,"","",""
16421,9680,"48000000320",3611024,"TX","53","Census of Agriculture",19-APR-19,01-APR-19,"","",""
16422,9680,"48000000321",3611025,"TX","53","Census of Agriculture",19-APR-19,01-APR-19,"","",""
16424,9680,"48000000322",3611026,"TX","53","Census of Agriculture",19-APR-19,01-APR-19,"","",""
16430,9680,"48000000327",3611031,"TX","53","Census of Agriculture",19-APR-19,01-APR-19,"","",""
16431,9680,"48000000328",3611032,"TX","53","Census of Agriculture",19-APR-19,01-APR-19,"","",""
16433,9680,"48000000329",3611033,"TX","53","Census of Agriculture",19-APR-19,01-APR-19,"","",""
16434,9680,"48000000330",3611034,"TX","53","Census of Agriculture",19-APR-19,01-APR-19,"","",""
16317,9680,"48000000266",3610964,"TX","53","Census of Agriculture",19-APR-19,01-APR-19,"","",""
16324,9680,"48000000271",3610969,"TX","53","Census of Agriculture",19-APR-19,01-APR-19,"","",""
16326,9680,"48000000272",3610970,"TX","53","Census of Agriculture",19-APR-19,01-APR-19,"","",""
39829,9680,"48000000280",3610978,"TX","53","Census of Agriculture",19-APR-19,01-APR-19,"","",""
16361,9680,"48000000284",3610985,"TX","53","Census of Agriculture",19-APR-19,01-APR-19,"","",""
16435,9680,"48000000331",3611035,"TX","53","Census of Agriculture",19-APR-19,01-APR-19,"","",""
16365,9680,"48000000286",3610987,"TX","53","Census of Agriculture",19-APR-19,01-APR-19,"","",""
16371,9680,"48000000292",3610994,"TX","53","Census of Agriculture",19-APR-19,01-APR-19,"","",""
16379,9680,"48000000295",3610997,"TX","53","Census of Agriculture",19-APR-19,01-APR-19,"","",""
16382,9680,"48000000299",3611001,"TX","53","Census of Agriculture",19-APR-19,01-APR-19,"","",""
16525,9680,"48000000333",3611053,"TX","53","Census of Agriculture",19-APR-19,01-APR-19,"","",""
16526,9680,"48000000334",3611054,"TX","53","Census of Agriculture",19-APR-19,01-APR-19,"","",""
16528,9680,"48000000336",3611056,"TX","53","Census of Agriculture",19-APR-19,01-APR-19,"","",""
16529,9680,"48000000337",3611057,"TX","53","Census of Agriculture",19-APR-19,01-APR-19,"","",""
16530,9680,"48000000338",3611058,"TX","53","Census of Agriculture",19-APR-19,01-APR-19,"","",""
16567,9680,"48000000341",3611065,"TX","53","Census of Agriculture",19-APR-19,01-APR-19,"","",""
16565,9680,"48000000339",3611063,"TX","53","Census of Agriculture",19-APR-19,01-APR-19,"","",""
16566,9680,"48000000340",3611064,"TX","53","Census of Agriculture",19-APR-19,01-APR-19,"","",""
16570,9680,"48000000344",3611068,"TX","53","Census of Agriculture",19-APR-19,01-APR-19,"","",""
16571,9680,"48000000345",3611069,"TX","53","Census of Agriculture",19-APR-19,01-APR-19,"","",""
16238,9680,"48000000246",3610929,"TX","53","Census of Agriculture",19-APR-19,01-APR-19,"","",""
16303,9680,"48000000259",3610954,"TX","53","Census of Agriculture",19-APR-19,01-APR-19,"","",""
16321,9680,"48000000269",3610967,"TX","53","Census of Agriculture",19-APR-19,01-APR-19,"","",""
16357,9680,"48000000282",3610983,"TX","53","Census of Agriculture",19-APR-19,01-APR-19,"","",""
16370,9680,"48000000290",3610992,"TX","53","Census of Agriculture",19-APR-19,01-APR-19,"","",""
18188,10600,"48003031001",1183194,"TX","2","Non-CWSRF Governmental Loan and Grant Applications",25-SEP-20,01-SEP-20,"","",""
30857,16841,"48000000417",3613122,"TX","20","CIP or Master Plan",04-AUG-22,01-AUG-22,"","",""
30846,16830,"48000000411",3612390,"TX","96","Excel Spreadsheet Annotations",13-APR-23,01-OCT-21,"","",""
35437,16888,"48008045001",1184392,"TX","12a","Completed State Needs Surveys and other state forms (approved as primary)",07-JUL-21,01-JUL-21,"","",""
31009,16888,"48003006001",1183170,"TX","12a","Completed State Needs Surveys and other state forms (approved as primary)",07-JUL-21,01-JUL-21,"","",""
34917,16888,"48002031001",1183125,"TX","12a","Completed State Needs Surveys and other state forms (approved as primary)",07-JUL-21,01-JUL-21,"","",""
30995,16888,"48001111001",1182915,"TX","12a","Completed State Needs Surveys and other state forms (approved as primary)",07-JUL-21,01-JUL-21,"","",""
31005,16888,"48000000106",3608999,"TX","12a","Completed State Needs Surveys and other state forms (approved as primary)",07-JUL-21,01-JUL-21,"","",""
31003,16888,"48001027001",1182895,"TX","12a","Completed State Needs Surveys and other state forms (approved as primary)",07-JUL-21,01-JUL-21,"","",""
31004,16888,"48000105001",1182799,"TX","12a","Completed State Needs Surveys and other state forms (approved as primary)",07-JUL-21,01-JUL-21,"","",""
30987,16888,"48000000418",3613135,"TX","12a","Completed State Needs Surveys and other state forms (approved as primary)",07-JUL-21,01-JUL-21,"","",""
31001,16888,"48001216002",1182996,"TX","12a","Completed State Needs Surveys and other state forms (approved as primary)",07-JUL-21,01-JUL-21,"","",""
31080,16888,"48001102001",1182905,"TX","12a","Completed State Needs Surveys and other state forms (approved as primary)",07-JUL-21,01-JUL-21,"","",""
31006,16888,"48003058001",1183216,"TX","12a","Completed State Needs Surveys and other state forms (approved as primary)",07-JUL-21,01-JUL-21,"","",""
31108,16888,"48003040004",405776,"TX","12a","Completed State Needs Surveys and other state forms (approved as primary)",07-JUL-21,01-JUL-21,"","",""
32807,16888,"48000000421",3613307,"TX","12a","Completed State Needs Surveys and other state forms (approved as primary)",07-JUL-21,01-JUL-21,"","",""
35480,16888,"48000000423",3613866,"TX","12a","Completed State Needs Surveys and other state forms (approved as primary)",07-JUL-21,01-JUL-21,"","",""
35672,16888,"48000000425",3613876,"TX","12a","Completed State Needs Surveys and other state forms (approved as primary)",07-JUL-21,01-JUL-21,"","",""
35735,16888,"48000003001",1227737,"TX","12a","Completed State Needs Surveys and other state forms (approved as primary)",07-JUL-21,01-JUL-21,"","",""
16685,9832,"48000000360",3611101,"TX","53","Census of Agriculture",19-APR-19,01-APR-19,"","",""
16679,9832,"48000000355",3611095,"TX","53","Census of Agriculture",19-APR-19,01-APR-19,"","",""
16686,9832,"48000000361",3611102,"TX","53","Census of Agriculture",19-APR-19,01-APR-19,"","",""
16692,9832,"48000000364",3611107,"TX","53","Census of Agriculture",19-APR-19,01-APR-19,"","",""
16711,9832,"48000000367",3611113,"TX","53","Census of Agriculture",19-APR-19,01-APR-19,"","",""
16718,9832,"48000000370",3611117,"TX","53","Census of Agriculture",19-APR-19,01-APR-19,"","",""
16719,9832,"48000000371",3611118,"TX","53","Census of Agriculture",19-APR-19,01-APR-19,"","",""
16721,9832,"48000000372",3611119,"TX","53","Census of Agriculture",19-APR-19,01-APR-19,"","",""
16723,9832,"48000000373",3611120,"TX","53","Census of Agriculture",19-APR-19,01-APR-19,"","",""
16726,9832,"48000000375",3611123,"TX","53","Census of Agriculture",19-APR-19,01-APR-19,"","",""
16728,9832,"48000000376",3611125,"TX","53","Census of Agriculture",19-APR-19,01-APR-19,"","",""
16730,9832,"48000000377",3611127,"TX","53","Census of Agriculture",19-APR-19,01-APR-19,"","",""
16739,9832,"48000000382",3611135,"TX","53","Census of Agriculture",19-APR-19,01-APR-19,"","",""
16744,9832,"48000000385",3611141,"TX","53","Census of Agriculture",19-APR-19,01-APR-19,"","",""
16745,9832,"48000000386",3611142,"TX","53","Census of Agriculture",19-APR-19,01-APR-19,"","",""
16752,9832,"48000000389",3611145,"TX","53","Census of Agriculture",19-APR-19,01-APR-19,"","",""
16756,9832,"48000000392",3611148,"TX","53","Census of Agriculture",19-APR-19,01-APR-19,"","",""
16765,9832,"48000000398",3611154,"TX","53","Census of Agriculture",19-APR-19,01-APR-19,"","",""
16767,9832,"48000000400",3611156,"TX","53","Census of Agriculture",19-APR-19,01-APR-19,"","",""
16577,9832,"48000000351",3611076,"TX","53","Census of Agriculture",19-APR-19,01-APR-19,"","",""
16578,9832,"48000000352",3611077,"TX","53","Census of Agriculture",19-APR-19,01-APR-19,"","",""
16680,9832,"48000000356",3611096,"TX","53","Census of Agriculture",19-APR-19,01-APR-19,"","",""
16574,9832,"48000000348",3611073,"TX","53","Census of Agriculture",19-APR-19,01-APR-19,"","",""
16579,9832,"48000000353",3611078,"TX","53","Census of Agriculture",19-APR-19,01-APR-19,"","",""
16684,9832,"48000000359",3611100,"TX","53","Census of Agriculture",19-APR-19,01-APR-19,"","",""
16688,9832,"48000000362",3611103,"TX","53","Census of Agriculture",19-APR-19,01-APR-19,"","",""
16572,9832,"48000000346",3611070,"TX","53","Census of Agriculture",19-APR-19,01-APR-19,"","",""
16573,9832,"48000000347",3611071,"TX","53","Census of Agriculture",19-APR-19,01-APR-19,"","",""
16678,9832,"48000000354",3611094,"TX","53","Census of Agriculture",19-APR-19,01-APR-19,"","",""
16683,9832,"48000000358",3611099,"TX","53","Census of Agriculture",19-APR-19,01-APR-19,"","",""
16693,9832,"48000000365",3611108,"TX","53","Census of Agriculture",19-APR-19,01-APR-19,"","",""
16715,9832,"48000000369",3611116,"TX","53","Census of Agriculture",19-APR-19,01-APR-19,"","",""
16724,9832,"48000000374",3611121,"TX","53","Census of Agriculture",19-APR-19,01-APR-19,"","",""
16736,9832,"48000000380",3611132,"TX","53","Census of Agriculture",19-APR-19,01-APR-19,"","",""
16681,9832,"48000000357",3611097,"TX","53","Census of Agriculture",19-APR-19,01-APR-19,"","",""
16713,9832,"48000000368",3611114,"TX","53","Census of Agriculture",19-APR-19,01-APR-19,"","",""
16741,9832,"48000000383",3611137,"TX","53","Census of Agriculture",19-APR-19,01-APR-19,"","",""
16749,9832,"48000000387",3611143,"TX","53","Census of Agriculture",19-APR-19,01-APR-19,"","",""
16750,9832,"48000000388",3611144,"TX","53","Census of Agriculture",19-APR-19,01-APR-19,"","",""
16754,9832,"48000000390",3611146,"TX","53","Census of Agriculture",19-APR-19,01-APR-19,"","",""
16762,9832,"48000000395",3611151,"TX","53","Census of Agriculture",19-APR-19,01-APR-19,"","",""
16763,9832,"48000000396",3611152,"TX","53","Census of Agriculture",19-APR-19,01-APR-19,"","",""
16764,9832,"48000000397",3611153,"TX","53","Census of Agriculture",19-APR-19,01-APR-19,"","",""
16575,9832,"48000000349",3611074,"TX","53","Census of Agriculture",19-APR-19,01-APR-19,"","",""
16709,9832,"48000000366",3611112,"TX","53","Census of Agriculture",19-APR-19,01-APR-19,"","",""
16576,9832,"48000000350",3611075,"TX","53","Census of Agriculture",19-APR-19,01-APR-19,"","",""
16732,9832,"48000000378",3611128,"TX","53","Census of Agriculture",19-APR-19,01-APR-19,"","",""
16743,9832,"48000000384",3611138,"TX","53","Census of Agriculture",19-APR-19,01-APR-19,"","",""
16755,9832,"48000000391",3611147,"TX","53","Census of Agriculture",19-APR-19,01-APR-19,"","",""
16689,9832,"48000000363",3611104,"TX","53","Census of Agriculture",19-APR-19,01-APR-19,"","",""
16734,9832,"48000000379",3611130,"TX","53","Census of Agriculture",19-APR-19,01-APR-19,"","",""
16737,9832,"48000000381",3611133,"TX","53","Census of Agriculture",19-APR-19,01-APR-19,"","",""
16766,9832,"48000000399",3611155,"TX","53","Census of Agriculture",19-APR-19,01-APR-19,"","",""
16757,9832,"48000000393",3611149,"TX","53","Census of Agriculture",19-APR-19,01-APR-19,"","",""
19229,11183,"48007039001",1183820,"TX","20","CIP or Master Plan",31-MAR-21,01-MAR-21,"","",""
19239,11183,"48007039003",1183822,"TX","20","CIP or Master Plan",31-MAR-21,01-MAR-21,"","",""
21502,12305,"48007039012",1183827,"TX","20","CIP or Master Plan",30-JUN-22,01-JUN-22,"","",""
21537,12305,"48007039084",1183851,"TX","20","CIP or Master Plan",30-JUN-22,01-JUN-22,"","",""
23640,13485,"48003033002",1183197,"TX","20","CIP or Master Plan",01-OCT-21,01-OCT-21,"","",""
23586,13485,"48003033004",2902595,"TX","20","CIP or Master Plan",01-OCT-21,01-OCT-21,"","",""
23551,13485,"48003033016",3514807,"TX","20","CIP or Master Plan",01-OCT-21,01-OCT-21,"","",""
23659,13485,"48000000410",3612351,"TX","20","CIP or Master Plan",01-OCT-21,01-OCT-21,"","",""
23656,13485,"48003033005",1183199,"TX","20","CIP or Master Plan",01-OCT-21,01-OCT-21,"","",""
24169,13485,"48000000411",3612390,"TX","20","CIP or Master Plan",01-OCT-21,01-OCT-21,"","",""
23676,13485,"48003111003",1183257,"TX","20","CIP or Master Plan",01-OCT-21,01-OCT-21,"","",""
23663,13485,"48003033014",3514808,"TX","20","CIP or Master Plan",01-OCT-21,01-OCT-21,"","",""
21545,12305,"48007039022",1183831,"TX","20","CIP or Master Plan",30-JUN-22,01-JUN-22,"","",""
21527,12305,"48007039017",1183828,"TX","20","CIP or Master Plan",30-JUN-22,01-JUN-22,"","",""
21539,12305,"48007039021",1183830,"TX","20","CIP or Master Plan",30-JUN-22,01-JUN-22,"","",""
21483,12305,"48007039047",1183839,"TX","20","CIP or Master Plan",30-JUN-22,01-JUN-22,"","",""
21491,12305,"48007039005",1183823,"TX","20","CIP or Master Plan",30-JUN-22,01-JUN-22,"","",""
21525,12305,"48007039113",2882180,"TX","20","CIP or Master Plan",30-JUN-22,01-JUN-22,"","",""
21551,12305,"48007039081",1183849,"TX","20","CIP or Master Plan",30-JUN-22,01-JUN-22,"","",""
21542,12305,"48007039066",1183842,"TX","20","CIP or Master Plan",30-JUN-22,01-JUN-22,"","",""
21497,12305,"48007039007",1183825,"TX","20","CIP or Master Plan",30-JUN-22,01-JUN-22,"","",""
21554,12305,"48007039065",1183841,"TX","20","CIP or Master Plan",30-JUN-22,01-JUN-22,"","",""
21444,12305,"48007039076",1183846,"TX","20","CIP or Master Plan",30-JUN-22,01-JUN-22,"","",""
21528,12305,"48007039067",2883822,"TX","20","CIP or Master Plan",30-JUN-22,01-JUN-22,"","",""
21498,12305,"48007080001",1183904,"TX","20","CIP or Master Plan",30-JUN-22,01-JUN-22,"","",""
21534,12305,"48007632001",1184184,"TX","20","CIP or Master Plan",30-JUN-22,01-JUN-22,"","",""
21538,12305,"48007039102",2883840,"TX","20","CIP or Master Plan",30-JUN-22,01-JUN-22,"","",""
21547,12305,"48007039024",1183833,"TX","20","CIP or Master Plan",30-JUN-22,01-JUN-22,"","",""
21555,12305,"48007039108",2884264,"TX","20","CIP or Master Plan",30-JUN-22,01-JUN-22,"","",""
21557,12305,"48000000407",3612156,"TX","20","CIP or Master Plan",30-JUN-22,01-JUN-22,"","",""
21558,12305,"48000000408",3612157,"TX","20","CIP or Master Plan",30-JUN-22,01-JUN-22,"","",""
21546,12305,"48007039094",2885519,"TX","20","CIP or Master Plan",30-JUN-22,01-JUN-22,"","",""
21548,12305,"48007039002",1183821,"TX","20","CIP or Master Plan",30-JUN-22,01-JUN-22,"","",""
21549,12305,"48007039025",1183834,"TX","20","CIP or Master Plan",30-JUN-22,01-JUN-22,"","",""
21552,12305,"48007039043",1183838,"TX","20","CIP or Master Plan",30-JUN-22,01-JUN-22,"","",""
21507,12305,"48007039090",1183855,"TX","20","CIP or Master Plan",30-JUN-22,01-JUN-22,"","",""
21550,12305,"48007039026",1183835,"TX","20","CIP or Master Plan",30-JUN-22,01-JUN-22,"","",""
21532,12305,"48007039082",1183850,"TX","20","CIP or Master Plan",30-JUN-22,01-JUN-22,"","",""
21556,12305,"48000000406",3612155,"TX","20","CIP or Master Plan",30-JUN-22,01-JUN-22,"","",""
21495,12305,"48007039091",1183856,"TX","20","CIP or Master Plan",30-JUN-22,01-JUN-22,"","",""
21519,12305,"48007039035",1183836,"TX","20","CIP or Master Plan",30-JUN-22,01-JUN-22,"","",""
21529,12305,"48007039018",1183829,"TX","20","CIP or Master Plan",30-JUN-22,01-JUN-22,"","",""
21553,12305,"48007039101",3272948,"TX","20","CIP or Master Plan",30-JUN-22,01-JUN-22,"","",""
21496,12305,"48007039006",1183824,"TX","20","CIP or Master Plan",30-JUN-22,01-JUN-22,"","",""
21503,12305,"48007039074",1183844,"TX","20","CIP or Master Plan",30-JUN-22,01-JUN-22,"","",""
21518,12305,"48007039061",1183840,"TX","20","CIP or Master Plan",30-JUN-22,01-JUN-22,"","",""
24143,13786,"48003033500",3514842,"TX","20","CIP or Master Plan",01-OCT-21,01-OCT-21,"","",""
24167,13809,"48003033500",3514842,"TX","20","CIP or Master Plan",01-OCT-21,01-OCT-21,"","",""
24168,13809,"48000000411",3612390,"TX","20","CIP or Master Plan",01-OCT-21,01-OCT-21,"","",""
38570,19334,"48000000539",3614292,"TX","48","Source Water Assessment/Source Water Protection Plan",01-OCT-20,01-OCT-20,"","",""
39826,19928,"48000000419",3613244,"TX","3","CWSRF Loan Pre-applications/Final Applications",18-JUN-20,01-JUN-20,"","",""
35676,18667,"48000000425",3613876,"TX","20","CIP or Master Plan",01-JUL-21,01-JUL-21,"","",""
35728,18678,"48000003003",1182786,"TX","3","CWSRF Loan Pre-applications/Final Applications",10-MAR-23,01-MAR-23,"","",""
32629,17717,"48004354012",2808161,"TX","3","CWSRF Loan Pre-applications/Final Applications",28-FEB-23,01-FEB-23,"","",""
39626,19833,"48004026801",3507483,"TX","20","CIP or Master Plan",01-OCT-22,01-OCT-22,"","",""
32558,17652,"48004122011",3514356,"TX","3","CWSRF Loan Pre-applications/Final Applications",02-MAR-23,01-MAR-23,"","",""
32591,17681,"48004122001",1183431,"TX","3","CWSRF Loan Pre-applications/Final Applications",02-MAR-23,01-MAR-23,"","",""
35546,18621,"48007048001",1183866,"TX","3","CWSRF Loan Pre-applications/Final Applications",28-FEB-23,01-FEB-23,"","",""
38765,19463,"48000000410",3612351,"TX","20","CIP or Master Plan",21-OCT-21,01-OCT-21,"","",""
23818,13250,"48004026801",3507483,"TX","20","CIP or Master Plan",28-SEP-22,01-SEP-22,"","",""
23131,13250,"48004026002",1183344,"TX","20","CIP or Master Plan",28-SEP-22,01-SEP-22,"","",""
35451,18593,"48008045001",1184392,"TX","20","CIP or Master Plan",01-JUL-21,01-JUL-21,"","",""
36355,18860,"48003033500",3514842,"TX","20","CIP or Master Plan",01-OCT-21,01-OCT-21,"","",""
37843,19153,"48000000291",3610993,"TX","3","CWSRF Loan Pre-applications/Final Applications",10-MAR-21,01-MAR-21,"","",""
37263,18974,"48000000498",3614059,"TX","101d","CWNS ID-Specific Output to State-Specific Approach (approved as alternate)",27-SEP-22,01-JAN-22,"","",""
37307,18974,"48000000520",3614081,"TX","101d","CWNS ID-Specific Output to State-Specific Approach (approved as alternate)",27-SEP-22,01-JAN-22,"","",""
37443,18974,"48000000529",3614094,"TX","101d","CWNS ID-Specific Output to State-Specific Approach (approved as alternate)",27-SEP-22,01-JAN-22,"","",""
37448,18974,"48000000531",3614096,"TX","101d","CWNS ID-Specific Output to State-Specific Approach (approved as alternate)",27-SEP-22,01-JAN-22,"","",""
37256,18974,"48000000495",3614055,"TX","101d","CWNS ID-Specific Output to State-Specific Approach (approved as alternate)",27-SEP-22,01-JAN-22,"","",""
37024,18974,"48000000440",3613901,"TX","101d","CWNS ID-Specific Output to State-Specific Approach (approved as alternate)",27-SEP-22,01-JAN-22,"","",""
37217,18974,"48000000477",3613961,"TX","101d","CWNS ID-Specific Output to State-Specific Approach (approved as alternate)",27-SEP-22,01-JAN-22,"","",""
37242,18974,"48000000489",3614049,"TX","101d","CWNS ID-Specific Output to State-Specific Approach (approved as alternate)",27-SEP-22,01-JAN-22,"","",""
37333,18974,"48001196002",453629,"TX","101d","CWNS ID-Specific Output to State-Specific Approach (approved as alternate)",27-SEP-22,01-JAN-22,"","",""
38647,18974,"48000000542",3614322,"TX","101d","CWNS ID-Specific Output to State-Specific Approach (approved as alternate)",27-SEP-22,01-JAN-22,"","",""
38643,18974,"48000000541",3614321,"TX","101d","CWNS ID-Specific Output to State-Specific Approach (approved as alternate)",27-SEP-22,01-JAN-22,"","",""
38656,18974,"48000000544",3614326,"TX","101d","CWNS ID-Specific Output to State-Specific Approach (approved as alternate)",27-SEP-22,01-JAN-22,"","",""
38676,18974,"48000000548",3614330,"TX","101d","CWNS ID-Specific Output to State-Specific Approach (approved as alternate)",27-SEP-22,01-JAN-22,"","",""
37167,18974,"48000000447",3613911,"TX","101d","CWNS ID-Specific Output to State-Specific Approach (approved as alternate)",27-SEP-22,01-JAN-22,"","",""
38664,18974,"48000000546",3614328,"TX","101d","CWNS ID-Specific Output to State-Specific Approach (approved as alternate)",27-SEP-22,01-JAN-22,"","",""
38662,18974,"48000000545",3614327,"TX","101d","CWNS ID-Specific Output to State-Specific Approach (approved as alternate)",27-SEP-22,01-JAN-22,"","",""
38650,18974,"48000000543",3614324,"TX","101d","CWNS ID-Specific Output to State-Specific Approach (approved as alternate)",27-SEP-22,01-JAN-22,"","",""
38671,18974,"48000000547",3614329,"TX","101d","CWNS ID-Specific Output to State-Specific Approach (approved as alternate)",27-SEP-22,01-JAN-22,"","",""
37318,18974,"48001176002",441461,"TX","101d","CWNS ID-Specific Output to State-Specific Approach (approved as alternate)",27-SEP-22,01-JAN-22,"","",""
37293,18974,"48003200002",432079,"TX","101d","CWNS ID-Specific Output to State-Specific Approach (approved as alternate)",27-SEP-22,01-JAN-22,"","",""
37327,18974,"48007781002",429612,"TX","101d","CWNS ID-Specific Output to State-Specific Approach (approved as alternate)",27-SEP-22,01-JAN-22,"","",""
37323,18974,"48001057001",3515316,"TX","101d","CWNS ID-Specific Output to State-Specific Approach (approved as alternate)",27-SEP-22,01-JAN-22,"","",""
37320,18974,"48002079002",435410,"TX","101d","CWNS ID-Specific Output to State-Specific Approach (approved as alternate)",27-SEP-22,01-JAN-22,"","",""
37181,18974,"48001333002",436916,"TX","101d","CWNS ID-Specific Output to State-Specific Approach (approved as alternate)",27-SEP-22,01-JAN-22,"","",""
37331,18974,"48001417002",459628,"TX","101d","CWNS ID-Specific Output to State-Specific Approach (approved as alternate)",27-SEP-22,01-JAN-22,"","",""
36750,18974,"48000000125",3609650,"TX","101d","CWNS ID-Specific Output to State-Specific Approach (approved as alternate)",27-SEP-22,01-JAN-22,"","",""
37751,18974,"48001216002",1182996,"TX","101d","CWNS ID-Specific Output to State-Specific Approach (approved as alternate)",27-SEP-22,01-JAN-22,"","",""
36947,18974,"48000000431",3613892,"TX","101d","CWNS ID-Specific Output to State-Specific Approach (approved as alternate)",27-SEP-22,01-JAN-22,"","",""
37215,18974,"48000000476",3613960,"TX","101d","CWNS ID-Specific Output to State-Specific Approach (approved as alternate)",27-SEP-22,01-JAN-22,"","",""
37001,18974,"48000000436",3613897,"TX","101d","CWNS ID-Specific Output to State-Specific Approach (approved as alternate)",27-SEP-22,01-JAN-22,"","",""
37005,18974,"48000000437",3613898,"TX","101d","CWNS ID-Specific Output to State-Specific Approach (approved as alternate)",27-SEP-22,01-JAN-22,"","",""
37238,18974,"48001549001",430568,"TX","101d","CWNS ID-Specific Output to State-Specific Approach (approved as alternate)",27-SEP-22,01-JAN-22,"","",""
37295,18974,"48001097001",3542800,"TX","101d","CWNS ID-Specific Output to State-Specific Approach (approved as alternate)",27-SEP-22,01-JAN-22,"","",""
36931,18974,"48000000428",3613888,"TX","101d","CWNS ID-Specific Output to State-Specific Approach (approved as alternate)",27-SEP-22,01-JAN-22,"","",""
36935,18974,"48000000429",3613890,"TX","101d","CWNS ID-Specific Output to State-Specific Approach (approved as alternate)",27-SEP-22,01-JAN-22,"","",""
36986,18974,"48000000432",3613893,"TX","101d","CWNS ID-Specific Output to State-Specific Approach (approved as alternate)",27-SEP-22,01-JAN-22,"","",""
37159,18974,"48000000443",3613905,"TX","101d","CWNS ID-Specific Output to State-Specific Approach (approved as alternate)",27-SEP-22,01-JAN-22,"","",""
37201,18974,"48000000468",3613950,"TX","101d","CWNS ID-Specific Output to State-Specific Approach (approved as alternate)",27-SEP-22,01-JAN-22,"","",""
37205,18974,"48000000470",3613952,"TX","101d","CWNS ID-Specific Output to State-Specific Approach (approved as alternate)",27-SEP-22,01-JAN-22,"","",""
37207,18974,"48000000471",3613954,"TX","101d","CWNS ID-Specific Output to State-Specific Approach (approved as alternate)",27-SEP-22,01-JAN-22,"","",""
37223,18974,"48000000480",3613964,"TX","101d","CWNS ID-Specific Output to State-Specific Approach (approved as alternate)",27-SEP-22,01-JAN-22,"","",""
36940,18974,"48000000430",3613891,"TX","101d","CWNS ID-Specific Output to State-Specific Approach (approved as alternate)",27-SEP-22,01-JAN-22,"","",""
36990,18974,"48000000434",3613895,"TX","101d","CWNS ID-Specific Output to State-Specific Approach (approved as alternate)",27-SEP-22,01-JAN-22,"","",""
37015,18974,"48000000438",3613899,"TX","101d","CWNS ID-Specific Output to State-Specific Approach (approved as alternate)",27-SEP-22,01-JAN-22,"","",""
37171,18974,"48000000450",3613914,"TX","101d","CWNS ID-Specific Output to State-Specific Approach (approved as alternate)",27-SEP-22,01-JAN-22,"","",""
37179,18974,"48000000454",3613934,"TX","101d","CWNS ID-Specific Output to State-Specific Approach (approved as alternate)",27-SEP-22,01-JAN-22,"","",""
37187,18974,"48000000459",3613940,"TX","101d","CWNS ID-Specific Output to State-Specific Approach (approved as alternate)",27-SEP-22,01-JAN-22,"","",""
37195,18974,"48000000464",3613946,"TX","101d","CWNS ID-Specific Output to State-Specific Approach (approved as alternate)",27-SEP-22,01-JAN-22,"","",""
37199,18974,"48000000466",3613948,"TX","101d","CWNS ID-Specific Output to State-Specific Approach (approved as alternate)",27-SEP-22,01-JAN-22,"","",""
37203,18974,"48000000469",3613951,"TX","101d","CWNS ID-Specific Output to State-Specific Approach (approved as alternate)",27-SEP-22,01-JAN-22,"","",""
37221,18974,"48000000479",3613963,"TX","101d","CWNS ID-Specific Output to State-Specific Approach (approved as alternate)",27-SEP-22,01-JAN-22,"","",""
37161,18974,"48000000444",3613907,"TX","101d","CWNS ID-Specific Output to State-Specific Approach (approved as alternate)",27-SEP-22,01-JAN-22,"","",""
37227,18974,"48000000483",3613967,"TX","101d","CWNS ID-Specific Output to State-Specific Approach (approved as alternate)",27-SEP-22,01-JAN-22,"","",""
37258,18974,"48000000496",3614056,"TX","101d","CWNS ID-Specific Output to State-Specific Approach (approved as alternate)",27-SEP-22,01-JAN-22,"","",""
37265,18974,"48000000499",3614060,"TX","101d","CWNS ID-Specific Output to State-Specific Approach (approved as alternate)",27-SEP-22,01-JAN-22,"","",""
37275,18974,"48001151005",432052,"TX","101d","CWNS ID-Specific Output to State-Specific Approach (approved as alternate)",27-SEP-22,01-JAN-22,"","",""
37283,18974,"48000000506",3614067,"TX","101d","CWNS ID-Specific Output to State-Specific Approach (approved as alternate)",27-SEP-22,01-JAN-22,"","",""
37285,18974,"48000000507",3614068,"TX","101d","CWNS ID-Specific Output to State-Specific Approach (approved as alternate)",27-SEP-22,01-JAN-22,"","",""
37287,18974,"48000000509",3614070,"TX","101d","CWNS ID-Specific Output to State-Specific Approach (approved as alternate)",27-SEP-22,01-JAN-22,"","",""
37291,18974,"48000000512",3614073,"TX","101d","CWNS ID-Specific Output to State-Specific Approach (approved as alternate)",27-SEP-22,01-JAN-22,"","",""
37297,18974,"48000000513",3614074,"TX","101d","CWNS ID-Specific Output to State-Specific Approach (approved as alternate)",27-SEP-22,01-JAN-22,"","",""
37299,18974,"48000000515",3614076,"TX","101d","CWNS ID-Specific Output to State-Specific Approach (approved as alternate)",27-SEP-22,01-JAN-22,"","",""
37303,18974,"48000000518",3614079,"TX","101d","CWNS ID-Specific Output to State-Specific Approach (approved as alternate)",27-SEP-22,01-JAN-22,"","",""
37309,18974,"48000000521",3614082,"TX","101d","CWNS ID-Specific Output to State-Specific Approach (approved as alternate)",27-SEP-22,01-JAN-22,"","",""
38592,19348,"48003033005",1183199,"TX","20","CIP or Master Plan",01-JUL-21,01-JUL-21,"","",""
38767,19465,"48000000417",3613122,"TX","20","CIP or Master Plan",04-AUG-22,01-AUG-22,"","",""
35492,18596,"48000000423",3613866,"TX","20","CIP or Master Plan",01-JUL-21,01-JUL-21,"","",""
38587,19345,"48003111003",1183257,"TX","20","CIP or Master Plan",01-JUL-21,01-JUL-21,"","",""
38590,19347,"48003033014",3514808,"TX","20","CIP or Master Plan",01-JUL-21,01-JUL-21,"","",""
32801,17821,"48000000421",3613307,"TX","20","CIP or Master Plan",07-JUL-21,01-JUL-21,"","",""
36997,18974,"48001097700",3542462,"TX","101d","CWNS ID-Specific Output to State-Specific Approach (approved as alternate)",27-SEP-22,01-JAN-22,"","",""
37193,18974,"48000000463",3613945,"TX","101d","CWNS ID-Specific Output to State-Specific Approach (approved as alternate)",27-SEP-22,01-JAN-22,"","",""
37245,18974,"48000000490",3614050,"TX","101d","CWNS ID-Specific Output to State-Specific Approach (approved as alternate)",27-SEP-22,01-JAN-22,"","",""
37252,18974,"48000000493",3614053,"TX","101d","CWNS ID-Specific Output to State-Specific Approach (approved as alternate)",27-SEP-22,01-JAN-22,"","",""
37277,18974,"48000000503",3614064,"TX","101d","CWNS ID-Specific Output to State-Specific Approach (approved as alternate)",27-SEP-22,01-JAN-22,"","",""
37279,18974,"48000000504",3614065,"TX","101d","CWNS ID-Specific Output to State-Specific Approach (approved as alternate)",27-SEP-22,01-JAN-22,"","",""
37281,18974,"48000000505",3614066,"TX","101d","CWNS ID-Specific Output to State-Specific Approach (approved as alternate)",27-SEP-22,01-JAN-22,"","",""
37316,18974,"48000000525",3614086,"TX","101d","CWNS ID-Specific Output to State-Specific Approach (approved as alternate)",27-SEP-22,01-JAN-22,"","",""
37229,18974,"48000000484",3614043,"TX","101d","CWNS ID-Specific Output to State-Specific Approach (approved as alternate)",27-SEP-22,01-JAN-22,"","",""
37254,18974,"48000000494",3614054,"TX","101d","CWNS ID-Specific Output to State-Specific Approach (approved as alternate)",27-SEP-22,01-JAN-22,"","",""
37305,18974,"48000000519",3614080,"TX","101d","CWNS ID-Specific Output to State-Specific Approach (approved as alternate)",27-SEP-22,01-JAN-22,"","",""
37311,18974,"48000000522",3614083,"TX","101d","CWNS ID-Specific Output to State-Specific Approach (approved as alternate)",27-SEP-22,01-JAN-22,"","",""
37313,18974,"48000000523",3614084,"TX","101d","CWNS ID-Specific Output to State-Specific Approach (approved as alternate)",27-SEP-22,01-JAN-22,"","",""
37478,18974,"48000000537",3614125,"TX","101d","CWNS ID-Specific Output to State-Specific Approach (approved as alternate)",27-SEP-22,01-JAN-22,"","",""
37410,18974,"48000000526",3614090,"TX","101d","CWNS ID-Specific Output to State-Specific Approach (approved as alternate)",27-SEP-22,01-JAN-22,"","",""
37446,18974,"48000000530",3614095,"TX","101d","CWNS ID-Specific Output to State-Specific Approach (approved as alternate)",27-SEP-22,01-JAN-22,"","",""
37451,18974,"48000000533",3614098,"TX","101d","CWNS ID-Specific Output to State-Specific Approach (approved as alternate)",27-SEP-22,01-JAN-22,"","",""
37464,18974,"48000000534",3614099,"TX","101d","CWNS ID-Specific Output to State-Specific Approach (approved as alternate)",27-SEP-22,01-JAN-22,"","",""
37209,18974,"48000000472",3613955,"TX","101d","CWNS ID-Specific Output to State-Specific Approach (approved as alternate)",27-SEP-22,01-JAN-22,"","",""
37267,18974,"48000000500",3614061,"TX","101d","CWNS ID-Specific Output to State-Specific Approach (approved as alternate)",27-SEP-22,01-JAN-22,"","",""
37273,18974,"48000000502",3614063,"TX","101d","CWNS ID-Specific Output to State-Specific Approach (approved as alternate)",27-SEP-22,01-JAN-22,"","",""
37301,18974,"48000000517",3614078,"TX","101d","CWNS ID-Specific Output to State-Specific Approach (approved as alternate)",27-SEP-22,01-JAN-22,"","",""
37165,18974,"48000000446",3613910,"TX","101d","CWNS ID-Specific Output to State-Specific Approach (approved as alternate)",27-SEP-22,01-JAN-22,"","",""
37416,18974,"48000000527",3614091,"TX","101d","CWNS ID-Specific Output to State-Specific Approach (approved as alternate)",27-SEP-22,01-JAN-22,"","",""
37420,18974,"48000000528",3614092,"TX","101d","CWNS ID-Specific Output to State-Specific Approach (approved as alternate)",27-SEP-22,01-JAN-22,"","",""
37467,18974,"48000000535",3614100,"TX","101d","CWNS ID-Specific Output to State-Specific Approach (approved as alternate)",27-SEP-22,01-JAN-22,"","",""
36995,18974,"48000000435",3613896,"TX","101d","CWNS ID-Specific Output to State-Specific Approach (approved as alternate)",27-SEP-22,01-JAN-22,"","",""
37018,18974,"48000000439",3613900,"TX","101d","CWNS ID-Specific Output to State-Specific Approach (approved as alternate)",27-SEP-22,01-JAN-22,"","",""
37163,18974,"48000000445",3613909,"TX","101d","CWNS ID-Specific Output to State-Specific Approach (approved as alternate)",27-SEP-22,01-JAN-22,"","",""
37173,18974,"48000000451",3613916,"TX","101d","CWNS ID-Specific Output to State-Specific Approach (approved as alternate)",27-SEP-22,01-JAN-22,"","",""
37157,18974,"48000000442",3613904,"TX","101d","CWNS ID-Specific Output to State-Specific Approach (approved as alternate)",27-SEP-22,01-JAN-22,"","",""
37213,18974,"48000000475",3613959,"TX","101d","CWNS ID-Specific Output to State-Specific Approach (approved as alternate)",27-SEP-22,01-JAN-22,"","",""
37329,18974,"48000897001",3543159,"TX","101d","CWNS ID-Specific Output to State-Specific Approach (approved as alternate)",27-SEP-22,01-JAN-22,"","",""
37177,18974,"48000000453",3613932,"TX","101d","CWNS ID-Specific Output to State-Specific Approach (approved as alternate)",27-SEP-22,01-JAN-22,"","",""
37185,18974,"48000000457",3613937,"TX","101d","CWNS ID-Specific Output to State-Specific Approach (approved as alternate)",27-SEP-22,01-JAN-22,"","",""
37169,18974,"48000000449",3613913,"TX","101d","CWNS ID-Specific Output to State-Specific Approach (approved as alternate)",27-SEP-22,01-JAN-22,"","",""
37325,18974,"48002036003",3340002,"TX","101d","CWNS ID-Specific Output to State-Specific Approach (approved as alternate)",27-SEP-22,01-JAN-22,"","",""
37197,18974,"48000000465",3613947,"TX","101d","CWNS ID-Specific Output to State-Specific Approach (approved as alternate)",27-SEP-22,01-JAN-22,"","",""
37211,18974,"48000000473",3613957,"TX","101d","CWNS ID-Specific Output to State-Specific Approach (approved as alternate)",27-SEP-22,01-JAN-22,"","",""
37219,18974,"48000000478",3613962,"TX","101d","CWNS ID-Specific Output to State-Specific Approach (approved as alternate)",27-SEP-22,01-JAN-22,"","",""
37225,18974,"48000000481",3613965,"TX","101d","CWNS ID-Specific Output to State-Specific Approach (approved as alternate)",27-SEP-22,01-JAN-22,"","",""
37189,18974,"48000000460",3613941,"TX","101d","CWNS ID-Specific Output to State-Specific Approach (approved as alternate)",27-SEP-22,01-JAN-22,"","",""
37240,18974,"48000000488",3614048,"TX","101d","CWNS ID-Specific Output to State-Specific Approach (approved as alternate)",27-SEP-22,01-JAN-22,"","",""
37269,18974,"48001151003",2865700,"TX","101d","CWNS ID-Specific Output to State-Specific Approach (approved as alternate)",27-SEP-22,01-JAN-22,"","",""
37289,18974,"48000000511",3614072,"TX","101d","CWNS ID-Specific Output to State-Specific Approach (approved as alternate)",27-SEP-22,01-JAN-22,"","",""
37175,18974,"48000000452",3613931,"TX","101d","CWNS ID-Specific Output to State-Specific Approach (approved as alternate)",27-SEP-22,01-JAN-22,"","",""
37236,18974,"48000000485",3614045,"TX","101d","CWNS ID-Specific Output to State-Specific Approach (approved as alternate)",27-SEP-22,01-JAN-22,"","",""
37247,18974,"48000000491",3614051,"TX","101d","CWNS ID-Specific Output to State-Specific Approach (approved as alternate)",27-SEP-22,01-JAN-22,"","",""
37249,18974,"48000000492",3614052,"TX","101d","CWNS ID-Specific Output to State-Specific Approach (approved as alternate)",27-SEP-22,01-JAN-22,"","",""
37027,18974,"48000000441",3613902,"TX","101d","CWNS ID-Specific Output to State-Specific Approach (approved as alternate)",27-SEP-22,01-JAN-22,"","",""
37271,18974,"48000000501",3614062,"TX","101d","CWNS ID-Specific Output to State-Specific Approach (approved as alternate)",27-SEP-22,01-JAN-22,"","",""
37472,18974,"48000000536",3614111,"TX","101d","CWNS ID-Specific Output to State-Specific Approach (approved as alternate)",27-SEP-22,01-JAN-22,"","",""
37183,18974,"48000000455",3613935,"TX","101d","CWNS ID-Specific Output to State-Specific Approach (approved as alternate)",27-SEP-22,01-JAN-22,"","",""
37191,18974,"48000000462",3613944,"TX","101d","CWNS ID-Specific Output to State-Specific Approach (approved as alternate)",27-SEP-22,01-JAN-22,"","",""
37261,18974,"48000000497",3614057,"TX","101d","CWNS ID-Specific Output to State-Specific Approach (approved as alternate)",27-SEP-22,01-JAN-22,"","",""
34906,18384,"48003043003",3514976,"TX","3","CWSRF Loan Pre-applications/Final Applications",03-MAR-23,01-MAR-23,"","",""
